-- Adminer 4.7.8 MySQL dump

SET NAMES utf8;
SET time_zone = '+00:00';
SET foreign_key_checks = 0;
SET sql_mode = 'NO_AUTO_VALUE_ON_ZERO';

SET NAMES utf8mb4;

DROP TABLE IF EXISTS `categories`;
CREATE TABLE `categories` (
  `id` int(10) unsigned NOT NULL AUTO_INCREMENT,
  `parent_id` int(10) unsigned DEFAULT NULL,
  `order` int(11) NOT NULL DEFAULT 1,
  `name` varchar(250) NOT NULL,
  `slug` varchar(250) NOT NULL,
  `created_at` timestamp NULL DEFAULT NULL,
  `updated_at` timestamp NULL DEFAULT NULL,
  PRIMARY KEY (`id`),
  UNIQUE KEY `categories_slug_unique` (`slug`),
  KEY `categories_parent_id_foreign` (`parent_id`),
  CONSTRAINT `categories_parent_id_foreign` FOREIGN KEY (`parent_id`) REFERENCES `categories` (`id`) ON DELETE SET NULL ON UPDATE CASCADE
) ENGINE=InnoDB;

INSERT INTO `categories` (`id`, `parent_id`, `order`, `name`, `slug`, `created_at`, `updated_at`) VALUES
(1,	NULL,	1,	'الرئيسية',	'home',	'2022-12-22 16:57:28',	'2022-12-25 17:17:30'),
(2,	NULL,	2,	'المدونة',	'blogs',	'2022-12-22 16:57:28',	'2023-01-12 16:26:21'),
(4,	NULL,	3,	'من نحن',	'about',	'2023-01-12 16:26:10',	'2023-01-12 16:26:10');

DROP TABLE IF EXISTS `contacts`;
CREATE TABLE `contacts` (
  `id` int(10) unsigned NOT NULL AUTO_INCREMENT,
  `name` varchar(255) DEFAULT NULL,
  `email` varchar(255)   DEFAULT NULL,
  `company_name` varchar(255)   DEFAULT NULL,
  `phone` varchar(255)   DEFAULT NULL,
  `service_id` int(11) DEFAULT NULL,
  `body` text   DEFAULT NULL,
  `created_at` timestamp NULL DEFAULT NULL,
  `updated_at` timestamp NULL DEFAULT NULL,
  PRIMARY KEY (`id`)
) ENGINE=InnoDB;

INSERT INTO `contacts` (`id`, `name`, `email`, `company_name`, `phone`, `service_id`, `body`, `created_at`, `updated_at`) VALUES
(6,	'dda',	's@t.com',	't',	'a',	1,	NULL,	'2023-01-08 15:25:18',	'2023-01-08 15:25:18'),
(7,	'aa',	'e@c.com',	NULL,	'a',	NULL,	NULL,	'2023-01-08 15:55:30',	'2023-01-08 15:55:30'),
(8,	'a',	't@c.com',	NULL,	'ss',	5,	NULL,	'2023-01-08 17:12:37',	'2023-01-08 17:12:37'),
(9,	'walid',	'mwalid407@gmail.com',	'thiqeel',	'01005369532',	19,	'تيست',	'2023-02-06 09:01:34',	'2023-02-06 09:01:34'),
(10,	'walid',	'asd@asd.com',	'thiqeel',	'01005369530',	32,	'لدى مشكلة في التواصل مع المؤسسة',	'2023-02-07 09:31:56',	'2023-02-07 09:31:56'),
(11,	'walid',	'admin@admin.dev',	'thiqeel',	'01005369530',	4,	'test',	'2023-02-07 09:36:35',	'2023-02-07 09:36:35'),
(12,	'walid',	'asd@asd.com',	'thiqeel',	'01005369530',	20,	'تيست',	'2023-02-07 09:45:37',	'2023-02-07 09:45:37'),
(13,	'beek',	'asd@asd.com',	'thiqeel',	'01005369532',	39,	'تيست',	'2023-02-07 09:47:05',	'2023-02-07 09:47:05'),
(14,	'walid',	'admin@admin.dev',	'thiqeel',	'01005369531',	45,	'تيست اخير',	'2023-02-07 09:55:29',	'2023-02-07 09:55:29'),
(15,	'walid',	'sasa@gmail.com',	'thiqeel',	'03232326511000',	5,	'test',	'2023-02-07 09:57:11',	'2023-02-07 09:57:11'),
(16,	'walid',	'admin@admin.com',	'thiqeel',	'01005369530',	51,	'test mail',	'2023-02-08 08:54:33',	'2023-02-08 08:54:33'),
(17,	'walid',	'admin@admin.com',	'thiqeel',	'01005369530',	51,	'test mail',	'2023-02-08 08:56:58',	'2023-02-08 08:56:58'),
(18,	'walid',	'admin@admin.com',	'thiqeel',	'01005369530',	51,	'test mail',	'2023-02-08 09:36:29',	'2023-02-08 09:36:29'),
(19,	'walid',	'admin@admin.com',	'thiqeel',	'01005369530',	51,	'test mail',	'2023-02-08 09:40:45',	'2023-02-08 09:40:45'),
(20,	'walid',	'admin@admin.com',	'thiqeel',	'01005369530',	51,	'test mail',	'2023-02-08 09:41:41',	'2023-02-08 09:41:41'),
(21,	'وليد',	'mwalid407@gmail.com',	'الزيات',	'01005369530',	39,	'تيست اميل',	'2023-02-09 23:22:16',	'2023-02-09 23:22:16');

DROP TABLE IF EXISTS `data_rows`;
CREATE TABLE `data_rows` (
  `id` int(10) unsigned NOT NULL AUTO_INCREMENT,
  `data_type_id` int(10) unsigned NOT NULL,
  `field` varchar(255)   NOT NULL,
  `type` varchar(255)   NOT NULL,
  `display_name` varchar(255)   NOT NULL,
  `required` tinyint(1) NOT NULL DEFAULT 0,
  `browse` tinyint(1) NOT NULL DEFAULT 1,
  `read` tinyint(1) NOT NULL DEFAULT 1,
  `edit` tinyint(1) NOT NULL DEFAULT 1,
  `add` tinyint(1) NOT NULL DEFAULT 1,
  `delete` tinyint(1) NOT NULL DEFAULT 1,
  `details` text   DEFAULT NULL,
  `order` int(11) NOT NULL DEFAULT 1,
  PRIMARY KEY (`id`),
  KEY `data_rows_data_type_id_foreign` (`data_type_id`),
  CONSTRAINT `data_rows_data_type_id_foreign` FOREIGN KEY (`data_type_id`) REFERENCES `data_types` (`id`) ON DELETE CASCADE ON UPDATE CASCADE
) ENGINE=InnoDB;

INSERT INTO `data_rows` (`id`, `data_type_id`, `field`, `type`, `display_name`, `required`, `browse`, `read`, `edit`, `add`, `delete`, `details`, `order`) VALUES
(1,	1,	'id',	'number',	'ID',	1,	0,	0,	0,	0,	0,	NULL,	1),
(2,	1,	'name',	'text',	'Name',	1,	1,	1,	1,	1,	1,	NULL,	2),
(3,	1,	'email',	'text',	'Email',	1,	1,	1,	1,	1,	1,	NULL,	3),
(4,	1,	'password',	'password',	'Password',	1,	0,	0,	1,	1,	0,	NULL,	4),
(5,	1,	'remember_token',	'text',	'Remember Token',	0,	0,	0,	0,	0,	0,	NULL,	5),
(6,	1,	'created_at',	'timestamp',	'Created At',	0,	1,	1,	0,	0,	0,	NULL,	6),
(7,	1,	'updated_at',	'timestamp',	'Updated At',	0,	0,	0,	0,	0,	0,	NULL,	7),
(8,	1,	'avatar',	'image',	'Avatar',	0,	1,	1,	1,	1,	1,	NULL,	8),
(9,	1,	'user_belongsto_role_relationship',	'relationship',	'Role',	0,	1,	1,	1,	1,	0,	'{\"model\":\"TCG\\\\Voyager\\\\Models\\\\Role\",\"table\":\"roles\",\"type\":\"belongsTo\",\"column\":\"role_id\",\"key\":\"id\",\"label\":\"display_name\",\"pivot_table\":\"roles\",\"pivot\":0}',	10),
(10,	1,	'user_belongstomany_role_relationship',	'relationship',	'Roles',	0,	1,	1,	1,	1,	0,	'{\"model\":\"TCG\\\\Voyager\\\\Models\\\\Role\",\"table\":\"roles\",\"type\":\"belongsToMany\",\"column\":\"id\",\"key\":\"id\",\"label\":\"display_name\",\"pivot_table\":\"user_roles\",\"pivot\":\"1\",\"taggable\":\"0\"}',	11),
(11,	1,	'settings',	'hidden',	'Settings',	0,	0,	0,	0,	0,	0,	NULL,	12),
(12,	2,	'id',	'number',	'ID',	1,	0,	0,	0,	0,	0,	NULL,	1),
(13,	2,	'name',	'text',	'Name',	1,	1,	1,	1,	1,	1,	NULL,	2),
(14,	2,	'created_at',	'timestamp',	'Created At',	0,	0,	0,	0,	0,	0,	NULL,	3),
(15,	2,	'updated_at',	'timestamp',	'Updated At',	0,	0,	0,	0,	0,	0,	NULL,	4),
(16,	3,	'id',	'number',	'ID',	1,	0,	0,	0,	0,	0,	NULL,	1),
(17,	3,	'name',	'text',	'Name',	1,	1,	1,	1,	1,	1,	NULL,	2),
(18,	3,	'created_at',	'timestamp',	'Created At',	0,	0,	0,	0,	0,	0,	NULL,	3),
(19,	3,	'updated_at',	'timestamp',	'Updated At',	0,	0,	0,	0,	0,	0,	NULL,	4),
(20,	3,	'display_name',	'text',	'Display Name',	1,	1,	1,	1,	1,	1,	NULL,	5),
(21,	1,	'role_id',	'text',	'Role',	1,	1,	1,	1,	1,	1,	NULL,	9),
(22,	4,	'id',	'number',	'ID',	1,	0,	0,	0,	0,	0,	NULL,	1),
(23,	4,	'parent_id',	'select_dropdown',	'Parent',	0,	0,	1,	1,	1,	1,	'{\"default\":\"\",\"null\":\"\",\"options\":{\"\":\"-- None --\"},\"relationship\":{\"key\":\"id\",\"label\":\"name\"}}',	2),
(24,	4,	'order',	'text',	'Order',	1,	1,	1,	1,	1,	1,	'{\"default\":1}',	3),
(25,	4,	'name',	'text',	'Name',	1,	1,	1,	1,	1,	1,	NULL,	4),
(26,	4,	'slug',	'text',	'Slug',	1,	1,	1,	1,	1,	1,	'{\"slugify\":{\"origin\":\"name\"}}',	5),
(27,	4,	'created_at',	'timestamp',	'Created At',	0,	0,	1,	0,	0,	0,	NULL,	6),
(28,	4,	'updated_at',	'timestamp',	'Updated At',	0,	0,	0,	0,	0,	0,	NULL,	7),
(29,	5,	'id',	'number',	'ID',	1,	0,	0,	0,	0,	0,	'{}',	1),
(30,	5,	'author_id',	'text',	'Author',	1,	0,	1,	1,	0,	1,	'{}',	2),
(31,	5,	'category_id',	'text',	'Category',	0,	0,	1,	1,	1,	0,	'{}',	3),
(32,	5,	'title',	'text',	'Title',	1,	1,	1,	1,	1,	1,	'{}',	4),
(33,	5,	'excerpt',	'text_area',	'Excerpt',	0,	0,	1,	1,	1,	1,	'{}',	5),
(34,	5,	'body',	'text_area',	'Body',	1,	0,	1,	1,	1,	1,	'{}',	6),
(35,	5,	'image',	'image',	'Post Image',	0,	1,	1,	1,	1,	1,	'{\"resize\":{\"width\":\"1000\",\"height\":\"null\"},\"quality\":\"70%\",\"upsize\":true,\"thumbnails\":[{\"name\":\"medium\",\"scale\":\"50%\"},{\"name\":\"small\",\"scale\":\"25%\"},{\"name\":\"cropped\",\"crop\":{\"width\":\"300\",\"height\":\"250\"}}]}',	7),
(36,	5,	'slug',	'text',	'Slug',	1,	0,	1,	1,	1,	1,	'{\"slugify\":{\"origin\":\"title\",\"forceUpdate\":true},\"validation\":{\"rule\":\"unique:posts,slug\"}}',	8),
(37,	5,	'meta_description',	'text_area',	'Meta Description',	0,	0,	1,	1,	1,	1,	'{}',	9),
(38,	5,	'meta_keywords',	'text_area',	'Meta Keywords',	0,	0,	1,	1,	1,	1,	'{}',	10),
(39,	5,	'status',	'select_dropdown',	'Status',	1,	1,	1,	1,	1,	1,	'{\"default\":\"DRAFT\",\"options\":{\"PUBLISHED\":\"published\",\"DRAFT\":\"draft\",\"PENDING\":\"pending\"}}',	11),
(40,	5,	'created_at',	'timestamp',	'Created At',	0,	1,	1,	0,	0,	0,	'{}',	12),
(41,	5,	'updated_at',	'timestamp',	'Updated At',	0,	0,	0,	0,	0,	0,	'{}',	13),
(42,	5,	'seo_title',	'text',	'SEO Title',	0,	1,	1,	1,	1,	1,	'{}',	14),
(43,	5,	'featured',	'checkbox',	'Featured',	1,	1,	1,	1,	1,	1,	'{}',	15),
(44,	6,	'id',	'number',	'ID',	1,	0,	0,	0,	0,	0,	'{}',	1),
(45,	6,	'author_id',	'text',	'Author',	1,	0,	0,	0,	0,	0,	'{}',	2),
(46,	6,	'title',	'text',	'Title',	1,	1,	1,	1,	1,	1,	'{}',	3),
(47,	6,	'excerpt',	'text_area',	'Excerpt',	0,	0,	1,	1,	1,	1,	'{}',	4),
(48,	6,	'body',	'rich_text_box',	'Body',	0,	0,	1,	1,	1,	1,	'{}',	5),
(49,	6,	'slug',	'text',	'Slug',	1,	0,	1,	1,	1,	1,	'{\"slugify\":{\"origin\":\"title\"},\"validation\":{\"rule\":\"unique:pages,slug\"}}',	6),
(50,	6,	'meta_description',	'text',	'Meta Description',	0,	0,	1,	1,	1,	1,	'{}',	7),
(51,	6,	'meta_keywords',	'text',	'Meta Keywords',	0,	0,	1,	1,	1,	1,	'{}',	8),
(52,	6,	'status',	'select_dropdown',	'Status',	1,	1,	1,	1,	1,	1,	'{\"default\":\"INACTIVE\",\"options\":{\"INACTIVE\":\"INACTIVE\",\"ACTIVE\":\"ACTIVE\"}}',	9),
(53,	6,	'created_at',	'timestamp',	'Created At',	0,	1,	1,	0,	0,	0,	'{}',	10),
(54,	6,	'updated_at',	'timestamp',	'Updated At',	0,	0,	0,	0,	0,	0,	'{}',	11),
(55,	6,	'image',	'image',	'Page Image',	0,	1,	1,	1,	1,	1,	'{}',	12),
(58,	9,	'id',	'text',	'Id',	1,	0,	0,	0,	0,	0,	'{}',	1),
(59,	9,	'title',	'text',	'Title',	0,	1,	1,	1,	1,	1,	'{}',	2),
(60,	9,	'created_at',	'timestamp',	'Created At',	0,	1,	1,	0,	0,	0,	'{}',	3),
(61,	9,	'updated_at',	'timestamp',	'Updated At',	0,	0,	0,	0,	0,	0,	'{}',	4),
(62,	9,	'order',	'text',	'Order',	1,	1,	1,	1,	1,	1,	'{}',	5),
(63,	9,	'location_url',	'text_area',	'Location Url',	0,	1,	1,	1,	1,	1,	'{}',	6),
(94,	19,	'id',	'number',	'ID',	1,	0,	0,	0,	0,	0,	'{}',	1),
(96,	19,	'excerpt',	'text',	'Excerpt',	0,	1,	1,	1,	1,	1,	'{}',	5),
(97,	19,	'order',	'text',	'Order',	1,	1,	1,	1,	1,	1,	'{\"default\":1}',	3),
(98,	19,	'created_at',	'timestamp',	'Created At',	0,	0,	1,	0,	0,	0,	'{}',	8),
(99,	19,	'updated_at',	'timestamp',	'Updated At',	0,	0,	0,	0,	0,	0,	'{}',	9),
(101,	19,	'parent_id',	'select_dropdown',	'Parent',	0,	0,	1,	1,	1,	1,	'{\"default\":\"\",\"null\":\"\",\"options\":{\"\":\"-- None --\"},\"relationship\":{\"key\":\"id\",\"label\":\"title\"}}',	2),
(103,	19,	'slug',	'text',	'Slug',	1,	1,	1,	1,	1,	1,	'{\"slugify\":{\"origin\":\"name\"}}',	6),
(104,	19,	'body',	'rich_text_box',	'Body',	0,	0,	1,	1,	1,	1,	'{}',	7),
(105,	19,	'image',	'image',	'Image',	0,	1,	1,	1,	1,	1,	'{\"resize\":{\"width\":\"1000\",\"height\":\"null\"},\"quality\":\"70%\",\"upsize\":true,\"thumbnails\":[{\"name\":\"medium\",\"scale\":\"50%\"},{\"name\":\"small\",\"scale\":\"25%\"},{\"name\":\"cropped\",\"crop\":{\"width\":\"300\",\"height\":\"250\"}}]}',	10),
(108,	19,	'title',	'text',	'Title',	1,	1,	1,	1,	1,	1,	'{}',	4),
(109,	19,	'logo',	'image',	'Logo',	0,	1,	1,	1,	1,	1,	'{\"resize\":{\"width\":\"1000\",\"height\":\"null\"},\"quality\":\"70%\",\"upsize\":true,\"thumbnails\":[{\"name\":\"medium\",\"scale\":\"50%\"},{\"name\":\"small\",\"scale\":\"25%\"},{\"name\":\"cropped\",\"crop\":{\"width\":\"300\",\"height\":\"250\"}}]}',	11),
(110,	20,	'id',	'text',	'Id',	1,	0,	0,	0,	0,	0,	'{}',	1),
(111,	20,	'name',	'text',	'Name',	0,	1,	1,	1,	1,	1,	'{}',	2),
(112,	20,	'email',	'text',	'Email',	0,	1,	1,	1,	1,	1,	'{}',	3),
(113,	20,	'company_name',	'text',	'Company Name',	0,	1,	1,	1,	1,	1,	'{}',	4),
(114,	20,	'phone',	'text',	'Phone',	0,	1,	1,	1,	1,	1,	'{}',	5),
(115,	20,	'service_id',	'text',	'Service',	0,	1,	1,	1,	1,	1,	'{}',	6),
(116,	20,	'body',	'text',	'Body',	0,	1,	1,	1,	1,	1,	'{}',	7),
(117,	20,	'created_at',	'timestamp',	'Created At',	0,	1,	1,	0,	0,	0,	'{}',	8),
(118,	20,	'updated_at',	'timestamp',	'Updated At',	0,	0,	0,	0,	0,	0,	'{}',	9),
(119,	20,	'contact_belongsto_service_relationship',	'relationship',	'Service',	0,	1,	1,	1,	1,	1,	'{\"model\":\"App\\\\Models\\\\Service\",\"table\":\"services\",\"type\":\"belongsTo\",\"column\":\"service_id\",\"key\":\"id\",\"label\":\"title\",\"pivot_table\":\"categories\",\"pivot\":\"0\",\"taggable\":\"0\"}',	10),
(120,	22,	'id',	'text',	'Id',	1,	0,	0,	0,	0,	0,	'{}',	1),
(121,	22,	'name',	'text',	'Name',	0,	1,	1,	1,	1,	1,	'{}',	2),
(122,	22,	'email',	'text',	'Email',	0,	1,	1,	1,	1,	1,	'{}',	3),
(123,	22,	'company_name',	'text',	'Company Name',	0,	1,	1,	1,	1,	1,	'{}',	4),
(124,	22,	'phone',	'text',	'Phone',	0,	1,	1,	1,	1,	1,	'{}',	5),
(125,	22,	'service_id',	'text',	'Service',	0,	1,	1,	1,	1,	1,	'{}',	6),
(126,	22,	'body',	'text',	'Body',	0,	1,	1,	1,	1,	1,	'{}',	7),
(127,	22,	'created_at',	'timestamp',	'Created At',	0,	1,	1,	0,	0,	0,	'{}',	8),
(128,	22,	'updated_at',	'timestamp',	'Updated At',	0,	0,	0,	0,	0,	0,	'{}',	9),
(129,	22,	'price_offers_request_belongsto_service_relationship',	'relationship',	'Service',	0,	1,	1,	1,	1,	1,	'{\"model\":\"App\\\\Models\\\\Service\",\"table\":\"services\",\"type\":\"belongsTo\",\"column\":\"service_id\",\"key\":\"id\",\"label\":\"title\",\"pivot_table\":\"categories\",\"pivot\":\"0\",\"taggable\":\"0\"}',	10),
(130,	23,	'id',	'text',	'Id',	1,	0,	0,	0,	0,	0,	'{}',	1),
(131,	23,	'name',	'text',	'Name',	0,	1,	1,	1,	1,	1,	'{}',	2),
(132,	23,	'email',	'text',	'Email',	0,	1,	1,	1,	1,	1,	'{}',	3),
(133,	23,	'job_title',	'text',	'Job Title',	0,	1,	1,	1,	1,	1,	'{}',	4),
(134,	23,	'phone',	'text',	'Phone',	0,	1,	1,	1,	1,	1,	'{}',	5),
(135,	23,	'body',	'text',	'Body',	0,	1,	1,	1,	1,	1,	'{}',	6),
(136,	23,	'resume',	'text',	'Resume',	0,	1,	1,	0,	1,	0,	'{}',	7),
(137,	23,	'created_at',	'timestamp',	'Created At',	0,	1,	1,	0,	0,	0,	'{}',	8),
(138,	23,	'updated_at',	'timestamp',	'Updated At',	0,	0,	0,	0,	0,	0,	'{}',	9),
(139,	24,	'id',	'text',	'Id',	1,	0,	0,	0,	0,	0,	'{}',	1),
(140,	24,	'name',	'text',	'Name',	0,	1,	1,	1,	1,	1,	'{}',	2),
(141,	24,	'title',	'text',	'Title',	0,	1,	1,	1,	1,	1,	'{}',	3),
(142,	24,	'order',	'text',	'Order',	0,	1,	1,	1,	1,	1,	'{}',	4),
(143,	24,	'created_at',	'timestamp',	'Created At',	0,	1,	1,	0,	0,	0,	'{}',	5),
(144,	24,	'updated_at',	'timestamp',	'Updated At',	0,	0,	0,	0,	0,	0,	'{}',	6),
(145,	24,	'image',	'image',	'Image',	0,	1,	1,	1,	1,	1,	'{}',	7),
(146,	24,	'job_description',	'text_area',	'Job Description',	0,	0,	1,	1,	1,	1,	'{}',	8),
(147,	25,	'id',	'text',	'Id',	1,	0,	0,	0,	0,	0,	'{}',	1),
(148,	25,	'page_id',	'text',	'Page Id',	0,	1,	1,	1,	1,	1,	'{}',	2),
(149,	25,	'title',	'text',	'Title',	0,	1,	1,	1,	1,	1,	'{}',	3),
(150,	25,	'created_at',	'timestamp',	'Created At',	0,	1,	1,	0,	0,	0,	'{}',	4),
(151,	25,	'updated_at',	'timestamp',	'Updated At',	0,	0,	0,	0,	0,	0,	'{}',	5),
(152,	26,	'id',	'text',	'Id',	1,	0,	0,	0,	0,	0,	'{}',	1),
(153,	26,	'slider_id',	'text',	'Slider Id',	0,	1,	1,	1,	1,	1,	'{}',	2),
(154,	26,	'image',	'text',	'Image',	1,	1,	1,	1,	1,	1,	'{}',	4),
(155,	26,	'title',	'text',	'Title',	0,	1,	1,	1,	1,	1,	'{}',	5),
(156,	26,	'excerpt',	'text',	'Excerpt',	0,	1,	1,	1,	1,	1,	'{}',	6),
(157,	26,	'created_at',	'timestamp',	'Created At',	0,	1,	1,	1,	0,	1,	'{}',	7),
(158,	26,	'updated_at',	'timestamp',	'Updated At',	0,	0,	0,	0,	0,	0,	'{}',	8),
(159,	26,	'order',	'text',	'Order',	0,	1,	1,	1,	1,	1,	'{}',	9),
(160,	26,	'animation_order',	'text',	'Animation Order',	0,	1,	1,	1,	1,	1,	'{}',	10),
(161,	26,	'slider_image_belongsto_slider_relationship',	'relationship',	'Slider',	0,	1,	1,	1,	1,	1,	'{\"model\":\"App\\\\Models\\\\Slider\",\"table\":\"sliders\",\"type\":\"belongsTo\",\"column\":\"slider_id\",\"key\":\"id\",\"label\":\"title\",\"pivot_table\":\"categories\",\"pivot\":\"0\",\"taggable\":\"0\"}',	3),
(163,	5,	'poster_image',	'image',	'Poster Image',	0,	1,	1,	1,	1,	1,	'{}',	16),
(164,	24,	'active',	'checkbox',	'Active',	0,	1,	1,	1,	1,	1,	'{}',	9);

DROP TABLE IF EXISTS `data_types`;
CREATE TABLE `data_types` (
  `id` int(10) unsigned NOT NULL AUTO_INCREMENT,
  `name` varchar(255)   NOT NULL,
  `slug` varchar(255)   NOT NULL,
  `display_name_singular` varchar(255)   NOT NULL,
  `display_name_plural` varchar(255)   NOT NULL,
  `icon` varchar(255)   DEFAULT NULL,
  `model_name` varchar(255)   DEFAULT NULL,
  `policy_name` varchar(255)   DEFAULT NULL,
  `controller` varchar(255)   DEFAULT NULL,
  `description` varchar(255)   DEFAULT NULL,
  `generate_permissions` tinyint(1) NOT NULL DEFAULT 0,
  `server_side` tinyint(4) NOT NULL DEFAULT 0,
  `details` text   DEFAULT NULL,
  `created_at` timestamp NULL DEFAULT NULL,
  `updated_at` timestamp NULL DEFAULT NULL,
  PRIMARY KEY (`id`),
  UNIQUE KEY `data_types_name_unique` (`name`),
  UNIQUE KEY `data_types_slug_unique` (`slug`)
) ENGINE=InnoDB;

INSERT INTO `data_types` (`id`, `name`, `slug`, `display_name_singular`, `display_name_plural`, `icon`, `model_name`, `policy_name`, `controller`, `description`, `generate_permissions`, `server_side`, `details`, `created_at`, `updated_at`) VALUES
(1,	'users',	'users',	'User',	'Users',	'voyager-person',	'TCG\\Voyager\\Models\\User',	'TCG\\Voyager\\Policies\\UserPolicy',	'TCG\\Voyager\\Http\\Controllers\\VoyagerUserController',	'',	1,	0,	NULL,	'2022-12-22 16:57:27',	'2022-12-22 16:57:27'),
(2,	'menus',	'menus',	'Menu',	'Menus',	'voyager-list',	'TCG\\Voyager\\Models\\Menu',	NULL,	'',	'',	1,	0,	NULL,	'2022-12-22 16:57:27',	'2022-12-22 16:57:27'),
(3,	'roles',	'roles',	'Role',	'Roles',	'voyager-lock',	'TCG\\Voyager\\Models\\Role',	NULL,	'TCG\\Voyager\\Http\\Controllers\\VoyagerRoleController',	'',	1,	0,	NULL,	'2022-12-22 16:57:27',	'2022-12-22 16:57:27'),
(4,	'categories',	'categories',	'Category',	'Categories',	'voyager-categories',	'TCG\\Voyager\\Models\\Category',	NULL,	'',	'',	1,	0,	NULL,	'2022-12-22 16:57:28',	'2022-12-22 16:57:28'),
(5,	'posts',	'posts',	'Post',	'Posts',	'voyager-news',	'App\\Models\\Post',	'TCG\\Voyager\\Policies\\PostPolicy',	NULL,	NULL,	1,	0,	'{\"order_column\":null,\"order_display_column\":null,\"order_direction\":\"desc\",\"default_search_key\":null,\"scope\":null}',	'2022-12-22 16:57:28',	'2023-01-12 19:10:03'),
(6,	'pages',	'pages',	'Page',	'Pages',	'voyager-file-text',	'App\\Models\\Page',	NULL,	NULL,	NULL,	1,	0,	'{\"order_column\":null,\"order_display_column\":null,\"order_direction\":\"desc\",\"default_search_key\":null,\"scope\":null}',	'2022-12-22 16:57:28',	'2022-12-25 13:14:25'),
(9,	'locations',	'locations',	'Location',	'Locations',	'voyager-location',	'App\\Models\\Location',	NULL,	NULL,	NULL,	1,	0,	'{\"order_column\":null,\"order_display_column\":null,\"order_direction\":\"asc\",\"default_search_key\":null,\"scope\":null}',	'2022-12-23 21:21:47',	'2022-12-23 23:34:22'),
(19,	'services',	'services',	'Service',	'Services',	'voyager-tools',	'App\\Models\\Service',	NULL,	NULL,	NULL,	1,	0,	'{\"order_column\":null,\"order_display_column\":null,\"order_direction\":\"asc\",\"default_search_key\":null,\"scope\":null}',	'2022-12-24 23:15:58',	'2022-12-25 14:23:30'),
(20,	'contacts',	'contacts',	'Contact',	'Contacts',	'voyager-chat',	'App\\Models\\Contact',	NULL,	NULL,	NULL,	1,	0,	'{\"order_column\":null,\"order_display_column\":null,\"order_direction\":\"asc\",\"default_search_key\":null,\"scope\":null}',	'2023-01-12 15:57:32',	'2023-01-12 15:58:56'),
(22,	'price_offers_requests',	'price-offers-requests',	'Price Offers Request',	'Price Offers Requests',	'voyager-dollar',	'App\\Models\\PriceOfferRequest',	NULL,	NULL,	NULL,	1,	0,	'{\"order_column\":null,\"order_display_column\":null,\"order_direction\":\"asc\",\"default_search_key\":null,\"scope\":null}',	'2023-01-12 16:01:25',	'2023-01-12 16:03:31'),
(23,	'recruitments',	'recruitments',	'Recruitment',	'Recruitments',	'voyager-people',	'App\\Models\\Recruitment',	NULL,	NULL,	NULL,	1,	0,	'{\"order_column\":null,\"order_display_column\":null,\"order_direction\":\"asc\",\"default_search_key\":null,\"scope\":null}',	'2023-01-12 16:04:32',	'2023-01-12 18:04:33'),
(24,	'team_members',	'team-members',	'Team Member',	'Team Members',	'voyager-group',	'App\\Models\\TeamMember',	NULL,	NULL,	NULL,	1,	0,	'{\"order_column\":null,\"order_display_column\":null,\"order_direction\":\"asc\",\"default_search_key\":null,\"scope\":null}',	'2023-01-12 18:30:18',	'2023-01-22 13:50:17'),
(25,	'sliders',	'sliders',	'Slider',	'Sliders',	'voyager-photo',	'App\\Models\\Slider',	NULL,	NULL,	NULL,	1,	0,	'{\"order_column\":null,\"order_display_column\":null,\"order_direction\":\"asc\",\"default_search_key\":null,\"scope\":null}',	'2023-01-12 18:43:02',	'2023-01-12 18:43:23'),
(26,	'slider_images',	'slider-images',	'Slider Image',	'Slider Images',	'voyager-photos',	'App\\Models\\SliderImage',	NULL,	NULL,	NULL,	1,	0,	'{\"order_column\":null,\"order_display_column\":null,\"order_direction\":\"asc\",\"default_search_key\":null,\"scope\":null}',	'2023-01-12 18:44:49',	'2023-01-12 18:45:56');

DROP TABLE IF EXISTS `failed_jobs`;
CREATE TABLE `failed_jobs` (
  `id` bigint(20) unsigned NOT NULL AUTO_INCREMENT,
  `uuid` varchar(255)   NOT NULL,
  `connection` text   NOT NULL,
  `queue` text   NOT NULL,
  `payload` longtext   NOT NULL,
  `exception` longtext   NOT NULL,
  `failed_at` timestamp NOT NULL DEFAULT current_timestamp(),
  PRIMARY KEY (`id`),
  UNIQUE KEY `failed_jobs_uuid_unique` (`uuid`)
) ENGINE=InnoDB;


DROP TABLE IF EXISTS `locations`;
CREATE TABLE `locations` (
  `id` int(10) unsigned NOT NULL AUTO_INCREMENT,
  `title` varchar(255)   DEFAULT NULL,
  `created_at` timestamp NULL DEFAULT NULL,
  `updated_at` timestamp NULL DEFAULT NULL,
  `order` int(11) NOT NULL,
  `location_url` text   DEFAULT NULL,
  PRIMARY KEY (`id`)
) ENGINE=InnoDB;

INSERT INTO `locations` (`id`, `title`, `created_at`, `updated_at`, `order`, `location_url`) VALUES
(1,	'الاحساء',	'2022-12-23 21:32:03',	'2022-12-23 21:35:25',	3,	'https://www.google.com/maps/embed?pb=!1m18!1m12!1m3!1d3604.2726295712705!2d49.5609818!3d25.395683199999997!2m3!1f0!2f0!3f0!3m2!1i1024!2i768!4f13.1!3m3!1m2!1s0x0%3A0x2d5648a62174ce32!2z2KjYsdisINmG2YXYp9ihIE5hbWFhJyBUb3dlcg!5e0!3m2!1sar!2seg!4v1668075535375!5m2!1sar!2seg'),
(2,	'الرياض',	'2022-12-23 21:35:47',	'2022-12-23 21:35:47',	1,	'https://www.google.com/maps/embed?pb=!1m18!1m12!1m3!1d3576.756503610011!2d50.208830814118684!3d26.30199258339437!2m3!1f0!2f0!3f0!3m2!1i1024!2i768!4f13.1!3m3!1m2!1s0x3e49e94b07cac9bf%3A0x771d81fbc6daad5b!2z2YXZg9iq2Kgg2LnZhNmKINin2YTYrtix2LMg2YXYrdin2LPYqNmI2YYg2YjZhdix2KfYrNi52YjZhiDZgtin2YbZiNmG2YrZiNmG!5e0!3m2!1sen!2seg!4v1667999687509!5m2!1sen!2seg'),
(3,	'الخبر',	'2022-12-23 21:36:19',	'2022-12-23 21:36:19',	2,	'https://www.google.com/maps/embed?pb=!1m18!1m12!1m3!1d3576.7565030976334!2d50.2110195!3d26.3019926!2m3!1f0!2f0!3f0!3m2!1i1024!2i768!4f13.1!3m3!1m2!1s0x3e49e94b07cac9bf%3A0x771d81fbc6daad5b!2z2YXZg9iq2Kgg2LnZhNmKINin2YTYrtix2LMg2YXYrdin2LPYqNmI2YYg2YjZhdix2KfYrNi52YjZhiDZgtin2YbZiNmG2YrZiNmG!5e0!3m2!1sar!2seg!4v1668075582400!5m2!1sar!2seg');

DROP TABLE IF EXISTS `menus`;
CREATE TABLE `menus` (
  `id` int(10) unsigned NOT NULL AUTO_INCREMENT,
  `name` varchar(255)   NOT NULL,
  `created_at` timestamp NULL DEFAULT NULL,
  `updated_at` timestamp NULL DEFAULT NULL,
  PRIMARY KEY (`id`),
  UNIQUE KEY `menus_name_unique` (`name`)
) ENGINE=InnoDB;

INSERT INTO `menus` (`id`, `name`, `created_at`, `updated_at`) VALUES
(1,	'admin',	'2022-12-22 16:57:27',	'2022-12-22 16:57:27'),
(3,	'website',	'2022-12-23 13:09:06',	'2022-12-23 13:09:06');

DROP TABLE IF EXISTS `menu_items`;
CREATE TABLE `menu_items` (
  `id` int(10) unsigned NOT NULL AUTO_INCREMENT,
  `menu_id` int(10) unsigned DEFAULT NULL,
  `title` varchar(255)   NOT NULL,
  `url` varchar(255)   NOT NULL,
  `target` varchar(255)   NOT NULL DEFAULT '_self',
  `icon_class` varchar(255)   DEFAULT NULL,
  `color` varchar(255)   DEFAULT NULL,
  `parent_id` int(11) DEFAULT NULL,
  `order` int(11) NOT NULL,
  `created_at` timestamp NULL DEFAULT NULL,
  `updated_at` timestamp NULL DEFAULT NULL,
  `route` varchar(255)   DEFAULT NULL,
  `parameters` text   DEFAULT NULL,
  PRIMARY KEY (`id`),
  KEY `menu_items_menu_id_foreign` (`menu_id`),
  CONSTRAINT `menu_items_menu_id_foreign` FOREIGN KEY (`menu_id`) REFERENCES `menus` (`id`) ON DELETE CASCADE
) ENGINE=InnoDB;

INSERT INTO `menu_items` (`id`, `menu_id`, `title`, `url`, `target`, `icon_class`, `color`, `parent_id`, `order`, `created_at`, `updated_at`, `route`, `parameters`) VALUES
(1,	1,	'Dashboard',	'',	'_self',	'voyager-boat',	NULL,	NULL,	1,	'2022-12-22 16:57:27',	'2022-12-22 16:57:27',	'voyager.dashboard',	NULL),
(2,	1,	'Media',	'',	'_self',	'voyager-images',	NULL,	NULL,	15,	'2022-12-22 16:57:27',	'2023-01-12 18:46:16',	'voyager.media.index',	NULL),
(3,	1,	'Users',	'',	'_self',	'voyager-person',	NULL,	NULL,	3,	'2022-12-22 16:57:27',	'2022-12-22 16:57:27',	'voyager.users.index',	NULL),
(4,	1,	'Roles',	'',	'_self',	'voyager-lock',	NULL,	NULL,	2,	'2022-12-22 16:57:27',	'2022-12-22 16:57:27',	'voyager.roles.index',	NULL),
(5,	1,	'Tools',	'',	'_self',	'voyager-tools',	NULL,	NULL,	16,	'2022-12-22 16:57:27',	'2023-01-12 18:46:16',	NULL,	NULL),
(6,	1,	'Menu Builder',	'',	'_self',	'voyager-list',	NULL,	5,	1,	'2022-12-22 16:57:27',	'2023-01-12 18:46:16',	'voyager.menus.index',	NULL),
(7,	1,	'Database',	'',	'_self',	'voyager-data',	NULL,	5,	2,	'2022-12-22 16:57:27',	'2023-01-12 18:46:16',	'voyager.database.index',	NULL),
(8,	1,	'Compass',	'',	'_self',	'voyager-compass',	NULL,	5,	3,	'2022-12-22 16:57:27',	'2023-01-12 18:46:16',	'voyager.compass.index',	NULL),
(9,	1,	'BREAD',	'',	'_self',	'voyager-bread',	NULL,	5,	4,	'2022-12-22 16:57:27',	'2023-01-12 18:46:16',	'voyager.bread.index',	NULL),
(10,	1,	'Settings',	'',	'_self',	'voyager-settings',	NULL,	NULL,	17,	'2022-12-22 16:57:27',	'2023-01-12 18:46:17',	'voyager.settings.index',	NULL),
(11,	1,	'Categories',	'',	'_self',	'voyager-categories',	NULL,	NULL,	13,	'2022-12-22 16:57:28',	'2023-01-12 18:46:16',	'voyager.categories.index',	NULL),
(12,	1,	'Posts',	'',	'_self',	'voyager-news',	NULL,	NULL,	14,	'2022-12-22 16:57:28',	'2023-01-12 18:46:16',	'voyager.posts.index',	NULL),
(13,	1,	'Pages',	'',	'_self',	'voyager-file-text',	NULL,	NULL,	4,	'2022-12-22 16:57:28',	'2022-12-25 08:23:25',	'voyager.pages.index',	NULL),
(16,	3,	'الرئيسية',	'',	'_self',	NULL,	'#000000',	NULL,	1,	'2022-12-23 13:09:59',	'2022-12-25 17:43:17',	'/',	'null'),
(17,	3,	'من نحن',	'',	'_self',	NULL,	'#000000',	NULL,	2,	'2022-12-23 13:32:42',	'2022-12-25 17:43:17',	'/about',	NULL),
(18,	3,	'خدماتنا',	'',	'_self',	NULL,	'#000000',	NULL,	3,	'2022-12-23 13:34:05',	'2022-12-24 12:59:25',	'/services',	NULL),
(19,	3,	'التوظيف',	'',	'_self',	NULL,	'#000000',	NULL,	4,	'2022-12-23 13:34:49',	'2022-12-24 12:59:25',	'/recruitment',	NULL),
(20,	3,	'تواصل معنا',	'',	'_self',	NULL,	'#000000',	NULL,	5,	'2022-12-23 13:35:29',	'2022-12-24 12:59:25',	'/contact-us',	NULL),
(21,	3,	'المدونة',	'',	'_self',	NULL,	'#000000',	NULL,	6,	'2022-12-23 13:36:00',	'2022-12-24 12:59:25',	'/blogs',	'null'),
(22,	3,	'طلب عرض سعر',	'',	'_self',	NULL,	'#000000',	NULL,	7,	'2022-12-23 13:36:44',	'2022-12-24 12:59:25',	'/price-offer-request',	NULL),
(25,	1,	'Locations',	'',	'_self',	'voyager-location',	NULL,	NULL,	7,	'2022-12-23 21:21:47',	'2023-01-12 18:46:18',	'voyager.locations.index',	NULL),
(26,	1,	'Services',	'',	'_self',	'voyager-tools',	'#000000',	NULL,	8,	'2022-12-24 22:49:34',	'2023-01-12 18:46:18',	'voyager.services.index',	'null'),
(27,	1,	'Contacts',	'',	'_self',	'voyager-chat',	NULL,	NULL,	11,	'2023-01-12 15:57:32',	'2023-01-12 18:46:18',	'voyager.contacts.index',	NULL),
(28,	1,	'Price Offers Requests',	'',	'_self',	'voyager-dollar',	'#000000',	NULL,	12,	'2023-01-12 16:01:25',	'2023-01-12 18:46:16',	'voyager.price-offers-requests.index',	'null'),
(29,	1,	'Recruitments',	'',	'_self',	'voyager-people',	'#000000',	NULL,	10,	'2023-01-12 16:04:32',	'2023-01-12 18:46:18',	'voyager.recruitments.index',	'null'),
(30,	1,	'Team Members',	'',	'_self',	'voyager-group',	'#000000',	NULL,	9,	'2023-01-12 18:30:18',	'2023-01-12 18:46:18',	'voyager.team-members.index',	'null'),
(31,	1,	'Sliders',	'',	'_self',	'voyager-photo',	'#000000',	NULL,	5,	'2023-01-12 18:43:03',	'2023-01-12 18:44:14',	'voyager.sliders.index',	'null'),
(32,	1,	'Slider Images',	'',	'_self',	'voyager-photos',	'#000000',	NULL,	6,	'2023-01-12 18:44:49',	'2023-01-12 18:46:18',	'voyager.slider-images.index',	'null');

DROP TABLE IF EXISTS `migrations`;
CREATE TABLE `migrations` (
  `id` int(10) unsigned NOT NULL AUTO_INCREMENT,
  `migration` varchar(255)   NOT NULL,
  `batch` int(11) NOT NULL,
  PRIMARY KEY (`id`)
) ENGINE=InnoDB;

INSERT INTO `migrations` (`id`, `migration`, `batch`) VALUES
(1,	'2014_10_12_000000_create_users_table',	1),
(2,	'2014_10_12_100000_create_password_resets_table',	1),
(3,	'2016_01_01_000000_add_voyager_user_fields',	1),
(4,	'2016_01_01_000000_create_data_types_table',	1),
(5,	'2016_05_19_173453_create_menu_table',	1),
(6,	'2016_10_21_190000_create_roles_table',	1),
(7,	'2016_10_21_190000_create_settings_table',	1),
(8,	'2016_11_30_135954_create_permission_table',	1),
(9,	'2016_11_30_141208_create_permission_role_table',	1),
(10,	'2016_12_26_201236_data_types__add__server_side',	1),
(11,	'2017_01_13_000000_add_route_to_menu_items_table',	1),
(12,	'2017_01_14_005015_create_translations_table',	1),
(13,	'2017_01_15_000000_make_table_name_nullable_in_permissions_table',	1),
(14,	'2017_03_06_000000_add_controller_to_data_types_table',	1),
(15,	'2017_04_21_000000_add_order_to_data_rows_table',	1),
(16,	'2017_07_05_210000_add_policyname_to_data_types_table',	1),
(17,	'2017_08_05_000000_add_group_to_settings_table',	1),
(18,	'2017_11_26_013050_add_user_role_relationship',	1),
(19,	'2017_11_26_015000_create_user_roles_table',	1),
(20,	'2018_03_11_000000_add_user_settings',	1),
(21,	'2018_03_14_000000_add_details_to_data_types_table',	1),
(22,	'2018_03_16_000000_make_settings_value_nullable',	1),
(23,	'2019_08_19_000000_create_failed_jobs_table',	1),
(24,	'2019_12_14_000001_create_personal_access_tokens_table',	1),
(25,	'2016_01_01_000000_create_pages_table',	2),
(26,	'2016_01_01_000000_create_posts_table',	2),
(27,	'2016_02_15_204651_create_categories_table',	2),
(28,	'2017_04_11_000000_alter_post_nullable_fields_table',	2);

DROP TABLE IF EXISTS `pages`;
CREATE TABLE `pages` (
  `id` int(10) unsigned NOT NULL AUTO_INCREMENT,
  `author_id` int(11) NOT NULL,
  `title` varchar(255)   NOT NULL,
  `excerpt` text   DEFAULT NULL,
  `body` text   DEFAULT NULL,
  `image` varchar(255)   DEFAULT NULL,
  `slug` varchar(255)   NOT NULL,
  `meta_description` text   DEFAULT NULL,
  `meta_keywords` text   DEFAULT NULL,
  `status` enum('ACTIVE','INACTIVE')   NOT NULL DEFAULT 'INACTIVE',
  `created_at` timestamp NULL DEFAULT NULL,
  `updated_at` timestamp NULL DEFAULT NULL,
  PRIMARY KEY (`id`),
  UNIQUE KEY `pages_slug_unique` (`slug`)
) ENGINE=InnoDB;

INSERT INTO `pages` (`id`, `author_id`, `title`, `excerpt`, `body`, `image`, `slug`, `meta_description`, `meta_keywords`, `status`, `created_at`, `updated_at`) VALUES
(2,	1,	'من نحن',	'قيمنا تعبر عن المبادئ الأساسية التي تمثل اللبنة الأساس في كل إجراء نقوم به. فهي محور تطورنا كنسيج متكامل دون انفراد',	'<p>من نحن</p>',	NULL,	'about',	'about meta',	'about keywords',	'ACTIVE',	'2022-12-23 01:03:35',	'2022-12-24 13:31:47'),
(3,	1,	'اتصل بنا',	'من فضلك قم بملء البيانات المطلوبة لطلب خدمة أو عرض سعر وسيقوم فريقنا المختص بالرد عليكم في أقرب وقت ممكن',	'',	NULL,	'contact-us',	'about meta',	'about keywords',	'ACTIVE',	'2022-12-23 01:03:35',	'2023-01-24 11:04:11'),
(4,	1,	'خدماتنا',	'خدماتنا',	'',	NULL,	'services',	NULL,	NULL,	'ACTIVE',	'2022-12-25 13:18:11',	'2022-12-25 13:24:29'),
(5,	1,	'التوظيف',	'من فضلك قم بملء البيانات المطلوبة لطلب الوظيفة وارسال السيرة الذاتية و سنقوم بالرد عليك في أقرب وقت ممكن',	'',	'pages/December2022/MUdiYo3VEsyhbJvyLl9B.png',	'recruitment',	NULL,	NULL,	'ACTIVE',	'2022-12-25 14:05:26',	'2023-01-24 11:03:54'),
(6,	1,	'طلب عرض سعر',	'طلب عرض سعر',	'',	NULL,	'price-offer-request',	NULL,	NULL,	'ACTIVE',	'2023-01-12 19:03:05',	'2023-02-06 08:44:14');

DROP TABLE IF EXISTS `password_resets`;
CREATE TABLE `password_resets` (
  `email` varchar(255)   NOT NULL,
  `token` varchar(255)   NOT NULL,
  `created_at` timestamp NULL DEFAULT NULL,
  KEY `password_resets_email_index` (`email`)
) ENGINE=InnoDB;


DROP TABLE IF EXISTS `permissions`;
CREATE TABLE `permissions` (
  `id` bigint(20) unsigned NOT NULL AUTO_INCREMENT,
  `key` varchar(255)   NOT NULL,
  `table_name` varchar(255)   DEFAULT NULL,
  `created_at` timestamp NULL DEFAULT NULL,
  `updated_at` timestamp NULL DEFAULT NULL,
  PRIMARY KEY (`id`),
  KEY `permissions_key_index` (`key`)
) ENGINE=InnoDB;

INSERT INTO `permissions` (`id`, `key`, `table_name`, `created_at`, `updated_at`) VALUES
(1,	'browse_admin',	NULL,	'2022-12-22 16:57:27',	'2022-12-22 16:57:27'),
(2,	'browse_bread',	NULL,	'2022-12-22 16:57:27',	'2022-12-22 16:57:27'),
(3,	'browse_database',	NULL,	'2022-12-22 16:57:27',	'2022-12-22 16:57:27'),
(4,	'browse_media',	NULL,	'2022-12-22 16:57:27',	'2022-12-22 16:57:27'),
(5,	'browse_compass',	NULL,	'2022-12-22 16:57:27',	'2022-12-22 16:57:27'),
(6,	'browse_menus',	'menus',	'2022-12-22 16:57:27',	'2022-12-22 16:57:27'),
(7,	'read_menus',	'menus',	'2022-12-22 16:57:27',	'2022-12-22 16:57:27'),
(8,	'edit_menus',	'menus',	'2022-12-22 16:57:27',	'2022-12-22 16:57:27'),
(9,	'add_menus',	'menus',	'2022-12-22 16:57:27',	'2022-12-22 16:57:27'),
(10,	'delete_menus',	'menus',	'2022-12-22 16:57:27',	'2022-12-22 16:57:27'),
(11,	'browse_roles',	'roles',	'2022-12-22 16:57:27',	'2022-12-22 16:57:27'),
(12,	'read_roles',	'roles',	'2022-12-22 16:57:27',	'2022-12-22 16:57:27'),
(13,	'edit_roles',	'roles',	'2022-12-22 16:57:27',	'2022-12-22 16:57:27'),
(14,	'add_roles',	'roles',	'2022-12-22 16:57:27',	'2022-12-22 16:57:27'),
(15,	'delete_roles',	'roles',	'2022-12-22 16:57:27',	'2022-12-22 16:57:27'),
(16,	'browse_users',	'users',	'2022-12-22 16:57:27',	'2022-12-22 16:57:27'),
(17,	'read_users',	'users',	'2022-12-22 16:57:27',	'2022-12-22 16:57:27'),
(18,	'edit_users',	'users',	'2022-12-22 16:57:27',	'2022-12-22 16:57:27'),
(19,	'add_users',	'users',	'2022-12-22 16:57:27',	'2022-12-22 16:57:27'),
(20,	'delete_users',	'users',	'2022-12-22 16:57:27',	'2022-12-22 16:57:27'),
(21,	'browse_settings',	'settings',	'2022-12-22 16:57:27',	'2022-12-22 16:57:27'),
(22,	'read_settings',	'settings',	'2022-12-22 16:57:27',	'2022-12-22 16:57:27'),
(23,	'edit_settings',	'settings',	'2022-12-22 16:57:27',	'2022-12-22 16:57:27'),
(24,	'add_settings',	'settings',	'2022-12-22 16:57:27',	'2022-12-22 16:57:27'),
(25,	'delete_settings',	'settings',	'2022-12-22 16:57:27',	'2022-12-22 16:57:27'),
(26,	'browse_categories',	'categories',	'2022-12-22 16:57:28',	'2022-12-22 16:57:28'),
(27,	'read_categories',	'categories',	'2022-12-22 16:57:28',	'2022-12-22 16:57:28'),
(28,	'edit_categories',	'categories',	'2022-12-22 16:57:28',	'2022-12-22 16:57:28'),
(29,	'add_categories',	'categories',	'2022-12-22 16:57:28',	'2022-12-22 16:57:28'),
(30,	'delete_categories',	'categories',	'2022-12-22 16:57:28',	'2022-12-22 16:57:28'),
(31,	'browse_posts',	'posts',	'2022-12-22 16:57:28',	'2022-12-22 16:57:28'),
(32,	'read_posts',	'posts',	'2022-12-22 16:57:28',	'2022-12-22 16:57:28'),
(33,	'edit_posts',	'posts',	'2022-12-22 16:57:28',	'2022-12-22 16:57:28'),
(34,	'add_posts',	'posts',	'2022-12-22 16:57:28',	'2022-12-22 16:57:28'),
(35,	'delete_posts',	'posts',	'2022-12-22 16:57:28',	'2022-12-22 16:57:28'),
(36,	'browse_pages',	'pages',	'2022-12-22 16:57:28',	'2022-12-22 16:57:28'),
(37,	'read_pages',	'pages',	'2022-12-22 16:57:28',	'2022-12-22 16:57:28'),
(38,	'edit_pages',	'pages',	'2022-12-22 16:57:28',	'2022-12-22 16:57:28'),
(39,	'add_pages',	'pages',	'2022-12-22 16:57:28',	'2022-12-22 16:57:28'),
(40,	'delete_pages',	'pages',	'2022-12-22 16:57:28',	'2022-12-22 16:57:28'),
(51,	'browse_locations',	'locations',	'2022-12-23 21:21:47',	'2022-12-23 21:21:47'),
(52,	'read_locations',	'locations',	'2022-12-23 21:21:47',	'2022-12-23 21:21:47'),
(53,	'edit_locations',	'locations',	'2022-12-23 21:21:47',	'2022-12-23 21:21:47'),
(54,	'add_locations',	'locations',	'2022-12-23 21:21:47',	'2022-12-23 21:21:47'),
(55,	'delete_locations',	'locations',	'2022-12-23 21:21:47',	'2022-12-23 21:21:47'),
(71,	'browse_services',	'services',	'2022-12-24 23:15:58',	'2022-12-24 23:15:58'),
(72,	'read_services',	'services',	'2022-12-24 23:15:58',	'2022-12-24 23:15:58'),
(73,	'edit_services',	'services',	'2022-12-24 23:15:58',	'2022-12-24 23:15:58'),
(74,	'add_services',	'services',	'2022-12-24 23:15:58',	'2022-12-24 23:15:58'),
(75,	'delete_services',	'services',	'2022-12-24 23:15:58',	'2022-12-24 23:15:58'),
(76,	'browse_contacts',	'contacts',	'2023-01-12 15:57:32',	'2023-01-12 15:57:32'),
(77,	'read_contacts',	'contacts',	'2023-01-12 15:57:32',	'2023-01-12 15:57:32'),
(78,	'edit_contacts',	'contacts',	'2023-01-12 15:57:32',	'2023-01-12 15:57:32'),
(79,	'add_contacts',	'contacts',	'2023-01-12 15:57:32',	'2023-01-12 15:57:32'),
(80,	'delete_contacts',	'contacts',	'2023-01-12 15:57:32',	'2023-01-12 15:57:32'),
(81,	'browse_price_offers_requests',	'price_offers_requests',	'2023-01-12 16:01:25',	'2023-01-12 16:01:25'),
(82,	'read_price_offers_requests',	'price_offers_requests',	'2023-01-12 16:01:25',	'2023-01-12 16:01:25'),
(83,	'edit_price_offers_requests',	'price_offers_requests',	'2023-01-12 16:01:25',	'2023-01-12 16:01:25'),
(84,	'add_price_offers_requests',	'price_offers_requests',	'2023-01-12 16:01:25',	'2023-01-12 16:01:25'),
(85,	'delete_price_offers_requests',	'price_offers_requests',	'2023-01-12 16:01:25',	'2023-01-12 16:01:25'),
(86,	'browse_recruitments',	'recruitments',	'2023-01-12 16:04:32',	'2023-01-12 16:04:32'),
(87,	'read_recruitments',	'recruitments',	'2023-01-12 16:04:32',	'2023-01-12 16:04:32'),
(88,	'edit_recruitments',	'recruitments',	'2023-01-12 16:04:32',	'2023-01-12 16:04:32'),
(89,	'add_recruitments',	'recruitments',	'2023-01-12 16:04:32',	'2023-01-12 16:04:32'),
(90,	'delete_recruitments',	'recruitments',	'2023-01-12 16:04:32',	'2023-01-12 16:04:32'),
(91,	'browse_team_members',	'team_members',	'2023-01-12 18:30:18',	'2023-01-12 18:30:18'),
(92,	'read_team_members',	'team_members',	'2023-01-12 18:30:18',	'2023-01-12 18:30:18'),
(93,	'edit_team_members',	'team_members',	'2023-01-12 18:30:18',	'2023-01-12 18:30:18'),
(94,	'add_team_members',	'team_members',	'2023-01-12 18:30:18',	'2023-01-12 18:30:18'),
(95,	'delete_team_members',	'team_members',	'2023-01-12 18:30:18',	'2023-01-12 18:30:18'),
(96,	'browse_sliders',	'sliders',	'2023-01-12 18:43:03',	'2023-01-12 18:43:03'),
(97,	'read_sliders',	'sliders',	'2023-01-12 18:43:03',	'2023-01-12 18:43:03'),
(98,	'edit_sliders',	'sliders',	'2023-01-12 18:43:03',	'2023-01-12 18:43:03'),
(99,	'add_sliders',	'sliders',	'2023-01-12 18:43:03',	'2023-01-12 18:43:03'),
(100,	'delete_sliders',	'sliders',	'2023-01-12 18:43:03',	'2023-01-12 18:43:03'),
(101,	'browse_slider_images',	'slider_images',	'2023-01-12 18:44:49',	'2023-01-12 18:44:49'),
(102,	'read_slider_images',	'slider_images',	'2023-01-12 18:44:49',	'2023-01-12 18:44:49'),
(103,	'edit_slider_images',	'slider_images',	'2023-01-12 18:44:49',	'2023-01-12 18:44:49'),
(104,	'add_slider_images',	'slider_images',	'2023-01-12 18:44:49',	'2023-01-12 18:44:49'),
(105,	'delete_slider_images',	'slider_images',	'2023-01-12 18:44:49',	'2023-01-12 18:44:49');

DROP TABLE IF EXISTS `permission_role`;
CREATE TABLE `permission_role` (
  `permission_id` bigint(20) unsigned NOT NULL,
  `role_id` bigint(20) unsigned NOT NULL,
  PRIMARY KEY (`permission_id`,`role_id`),
  KEY `permission_role_permission_id_index` (`permission_id`),
  KEY `permission_role_role_id_index` (`role_id`),
  CONSTRAINT `permission_role_permission_id_foreign` FOREIGN KEY (`permission_id`) REFERENCES `permissions` (`id`) ON DELETE CASCADE,
  CONSTRAINT `permission_role_role_id_foreign` FOREIGN KEY (`role_id`) REFERENCES `roles` (`id`) ON DELETE CASCADE
) ENGINE=InnoDB;

INSERT INTO `permission_role` (`permission_id`, `role_id`) VALUES
(1,	1),
(2,	1),
(3,	1),
(4,	1),
(5,	1),
(6,	1),
(7,	1),
(8,	1),
(9,	1),
(10,	1),
(11,	1),
(12,	1),
(13,	1),
(14,	1),
(15,	1),
(16,	1),
(17,	1),
(18,	1),
(19,	1),
(20,	1),
(21,	1),
(22,	1),
(23,	1),
(24,	1),
(25,	1),
(26,	1),
(27,	1),
(28,	1),
(29,	1),
(30,	1),
(31,	1),
(32,	1),
(33,	1),
(34,	1),
(35,	1),
(36,	1),
(37,	1),
(38,	1),
(39,	1),
(40,	1),
(51,	1),
(52,	1),
(53,	1),
(54,	1),
(55,	1),
(71,	1),
(72,	1),
(73,	1),
(74,	1),
(75,	1),
(76,	1),
(77,	1),
(78,	1),
(79,	1),
(80,	1),
(81,	1),
(82,	1),
(83,	1),
(84,	1),
(85,	1),
(86,	1),
(87,	1),
(88,	1),
(89,	1),
(90,	1),
(91,	1),
(92,	1),
(93,	1),
(94,	1),
(95,	1),
(96,	1),
(97,	1),
(98,	1),
(99,	1),
(100,	1),
(101,	1),
(102,	1),
(103,	1),
(104,	1),
(105,	1);

DROP TABLE IF EXISTS `personal_access_tokens`;
CREATE TABLE `personal_access_tokens` (
  `id` bigint(20) unsigned NOT NULL AUTO_INCREMENT,
  `tokenable_type` varchar(255)   NOT NULL,
  `tokenable_id` bigint(20) unsigned NOT NULL,
  `name` varchar(255)   NOT NULL,
  `token` varchar(64)   NOT NULL,
  `abilities` text   DEFAULT NULL,
  `last_used_at` timestamp NULL DEFAULT NULL,
  `expires_at` timestamp NULL DEFAULT NULL,
  `created_at` timestamp NULL DEFAULT NULL,
  `updated_at` timestamp NULL DEFAULT NULL,
  PRIMARY KEY (`id`),
  UNIQUE KEY `personal_access_tokens_token_unique` (`token`),
  KEY `personal_access_tokens_tokenable_type_tokenable_id_index` (`tokenable_type`,`tokenable_id`)
) ENGINE=InnoDB;


DROP TABLE IF EXISTS `posts`;
CREATE TABLE `posts` (
  `id` int(10) unsigned NOT NULL AUTO_INCREMENT,
  `author_id` int(11) NOT NULL,
  `category_id` int(11) DEFAULT NULL,
  `title` varchar(255)   NOT NULL,
  `seo_title` varchar(255)   DEFAULT NULL,
  `excerpt` text   DEFAULT NULL,
  `body` text   NOT NULL,
  `image` varchar(255)   DEFAULT NULL,
  `slug` varchar(255)   NOT NULL,
  `meta_description` text   DEFAULT NULL,
  `meta_keywords` text   DEFAULT NULL,
  `status` enum('PUBLISHED','DRAFT','PENDING')   NOT NULL DEFAULT 'DRAFT',
  `featured` tinyint(1) NOT NULL DEFAULT 0,
  `created_at` timestamp NULL DEFAULT NULL,
  `updated_at` timestamp NULL DEFAULT NULL,
  `poster_image` varchar(255)   DEFAULT NULL,
  PRIMARY KEY (`id`),
  UNIQUE KEY `posts_slug_unique` (`slug`)
) ENGINE=InnoDB;

INSERT INTO `posts` (`id`, `author_id`, `category_id`, `title`, `seo_title`, `excerpt`, `body`, `image`, `slug`, `meta_description`, `meta_keywords`, `status`, `featured`, `created_at`, `updated_at`, `poster_image`) VALUES
(7,	1,	4,	'النزاهة',	NULL,	NULL,	'إظهار أعلى درجات النزاهة دائما\nالالتزام بإنتاج مخرجات عالية الجودة\nالالتزام بما هو صح دائمًا حيث أن الأولوية لسمعتنا',	'posts/January2023/JrsWiUgnQ1ndr1iKVxl7.png',	'integrity',	NULL,	NULL,	'PUBLISHED',	0,	'2023-01-12 18:06:48',	'2023-01-22 10:07:56',	NULL),
(8,	1,	4,	'التفوق',	'',	'',	'الالتزام بتقديم أعلى معايير الجودة في كل ما نقدمه من خدمات\nالتركيز على الرؤية التحليلية والتميز المهني بجانب الاحترام والثقة والشفافية\nتطبيق المعرفة والمهارات والخبرات المتميزة يومياً و بطرق مبتكرة',	'posts/January2023/8zKCxgx9SUk2ggRmirFb.png',	'',	'',	'',	'PUBLISHED',	0,	'2023-01-12 18:10:13',	'2023-01-12 18:10:13',	NULL),
(9,	1,	4,	'العمل الجماعي',	'',	'',	'تعزيز بيئة عمل شاملة تدعم التعاون وتبادل المعرفة\r\nاحترام كل الأفكار والآراء ودمج وجهات النظر الأخرى\r\nدعم فكرة العمل الجماعي وتعزيز التغذية الاسترجاعية لضمان التطور المستمر',	'posts/January2023/PRqIzzmiH4FoRCEYwcMu.png',	'teamwork',	'',	'',	'PUBLISHED',	0,	'2023-01-12 18:11:52',	'2023-01-12 18:11:52',	NULL),
(10,	1,	4,	'إعادة التفكير',	'',	'',	'تحدي الوضع الراهن دائمًا وتقبل التغيير\r\nالابتكار، والتعلم ، ومواصلة التطوير\r\nالسيطرة على المواقف العصيبة بذهن منفتح تجاه كل الاحتمالات',	'posts/January2023/62YDxC1wRo9yCBhPTWwz.png',	'rethinking',	'',	'',	'PUBLISHED',	0,	'2023-01-12 18:13:52',	'2023-01-12 18:13:52',	NULL),
(11,	1,	4,	' المسؤولية',	NULL,	NULL,	'تحمل المسؤولية والالتزام بجميع الاعمال التي ننجزها\nالالتزام بالوعود والالتزامات التي نقدمها للعمال في كل مخرجاتنا\nالالتزام بتقديم عمل متميز ذو جودة عالية',	'posts/January2023/Nc2DDN9D3jJ89NpiDj4X.png',	'responsibility',	NULL,	NULL,	'PUBLISHED',	0,	'2023-01-12 18:19:54',	'2023-01-24 10:54:31',	NULL),
(12,	1,	1,	'رؤيتنا',	NULL,	'أن نصبح الخيار المفضل لعملائنا كمحاسبين قانونيين واستشاريين لتقديم خدمات محاسبية ومالية ذات جودة عالية وقدرات محاسبية متمكنة ومتخصصة واحترافية تلبي كافة الاحتياجات بنزاهة تليق بمجال اختصاصنا وخدماتنا للمنشآت المحلية والدولية مستوى مهني عالمي مع الالتزام بتقاليد وأنظمة العمل في المملكة العربية السعودية',	'أن نصبح الخيار المفضل لعملائنا كمحاسبين قانونيين واستشاريين لتقديم خدمات محاسبية ومالية ذات جودة عالية وقدرات محاسبية متمكنة ومتخصصة واحترافية تلبي كافة الاحتياجات بنزاهة تليق بمجال اختصاصنا وخدماتنا للمنشآت المحلية والدولية مستوى مهني عالمي مع الالتزام بتقاليد وأنظمة العمل في المملكة العربية السعودية ',	'posts/January2023/hgXzOZJzqDge62wLXkQu.png',	'vision',	NULL,	NULL,	'PUBLISHED',	0,	'2023-01-12 18:25:39',	'2023-01-24 10:47:08',	NULL),
(13,	1,	1,	'مهمتنا',	'',	'أن نضيف قيمة لعملائنا من خلال خدمات مهنية تتميز بالجودة والنزاهة والموضوعية وتتوافق مع أعلى المعايير المحلية والدولية لتلبية احتياجات عملائنا والوصول إلى نجاحات مشتركة معهم مع الالتزام الدائم والمستمر بالمعايير الدولية للأداء المهني',	'أن نضيف قيمة لعملائنا من خلال خدمات مهنية تتميز بالجودة والنزاهة والموضوعية وتتوافق مع أعلى المعايير المحلية والدولية لتلبية احتياجات عملائنا والوصول إلى نجاحات مشتركة معهم مع الالتزام الدائم والمستمر بالمعايير الدولية للأداء المهني',	'posts/January2023/pGgqLUL0HP0jZKuLtRkL.png',	'mission',	'',	'',	'PUBLISHED',	0,	'2023-01-12 18:26:54',	'2023-01-12 18:48:47',	NULL),
(14,	1,	1,	'خدمات تدقيق القوائم المالية',	NULL,	'خدمات الزكاة والضرائب... متى تبدأ السنة الزكوية أو الضريبية للمكلف؟ خدمات الزكاة والضرائب الزكاة',	'يتضمن التطبيق الضريبي والزكوي في المملكة القيام بتعديل صافي الربح المحاسبي وذلك لمكلفي الزكاة ومكلفي ضريبة الدخل، إلا أن تفاصيل واعتبارات التعديل الضريبي تختلف عن تفاصيل واعتبارات التعديل الزكوي.\n\nمن الجانب الضريبي يتم تكوين الوعاء بإضافة كافة الإيرادات والأرباح والمكاسب الناتجة عن مزاولة النشاط بعد استبعاد الدخل المعفى وهو ما يعبر عن الدخل الخاضع للضريبة كما أشارت إلى ذلك المادة الثامنة من نظام ضريبة الدخل، إلا أن النظام الضريبي أعطى المكلف الحق في حسم المصاريف المرتبطة بحصول هذا الدخل المتحقق وهي ما أسماه النظام بالمصاريف جائزة الحسم.\n\nوقد وضع النظام الضريبي ضوابط متعددة لحسم المصاريف من الوعاء الضريبي وذلك لضمان أن تكون المصاريف المحسومة من الدخل الضريبي مرتبطة ومتعلقة به وألا يكون هذا الحسم باباً قصيراً لتحقيق الوفر الضريبي، ولذلك فقد تعددت المصاريف التي لا يجيز النظام حسمها حتى مع كون بعضها مصاريف فعلية ومتحققة، وقد تعددت كذلك الضوابط والشروط على بعض أنواع المصاريف التي يجوز حسمها، ومن ذلك عدم جواز حسم مزايا ورواتب الشركاء ومصاريف الترفية وغالب الغرامات والجزاءات المالية والمخصصات ومصاريف ضريبة الدخل وكذلك وضع ضوابط على مصاريف الاستهلاك وإعدام الديون ومساهمات صناديق التقاعد وفوائد القروض والمصاريف المدرسية والتبرعات ألخ...\n\n                    ويمكن أن نقول أن تعديل صافي الربح للأغراض الضريبية من جانب المصاريف يهدف إلى المحافظة على الدخل الضريبي ما أمكن، كما تجدر الإشارة إلى أن التعديل للأغراض الضريبية يتضمن كذلك استبعاد الدخل المعفى من الضريبية فقد تضمن النظام الضريبي إعفاء أنواع من الإيرادات والمكاسب بضوابط واعتبارات معينة ومن ذلك عوائد توزيعات الأرباح ومكاسب التخلص من الأوراق المالية.\n\nأما صافي الربح في الجانب الزكوي فهو يضاف لوعاء الزكاة باعتباره مصدر تمويل لأصول الشركة التي تتوجه لها الزكاة أصالةً، وعلى ذلك فإن المصاريف متى ما تحققت فلا بد أن تحسم من الإيرادات المتحققة من المنظور الزكوي باعتبارها تخفيضاً حقيقياً لمصدر التمويل (الإيراد)، ومع ذلك فقد تضمنت اللائحة التنفيذية لجباية الزكاة بعضاً من المصاريف التي لا يجوز حسمهاً مثل المخصصات والمصاريف الشخصية والمصاريف غير المثبتة مستندياً إلا أنها محصورة في جوانب وأسباب محددة مقارنةً بالتطبيق الضريبي، والاعتبار الأكبر هو كون المصروف متحقق أو غير متحقق وهذا متناسب من طبيعة وفلسفة إضافة الربح للوعاء الزكوي، وقد تضمنت اللائحة كذلك وضع بعض الضوابط لحسم بعض المصاريف مع تحققها مثل المصاريف المدرسية والتبرعات ولذلك لأغراض تنظيمية معتبرة، مع أهمية الإشارة إلى أن التعديل الزكوي لا يتضمن أي إيرادات معفاة لعدم تناسب ذلك مع فكرة وفلسفة إضافة الربح لوعاء الزكاة وإنما تستبعد بعض الإيرادات من الربح تجنبا للثني في حساب الزكاة المنهي عنها شرعاً.\n\nونلخص ما فات بالتأكيد على اختلاف فلسلفة إضافة الربح لوعاء ضريبة الدخل عن فلسفة إضافته لوعاء الزكاة مما ينتج عنه تباعاً اختلاف دواعي وأسباب التعديل على الربح، ويمكن أن نقول أن هناك توسع وتشعب في تعديل الربح الضريبي يقابله ضيق ومحدودية في تعديل صافي الربح الزكوي، حيث أن حيز قبول المصاريف للأغراض الزكوية أكبر من حيز قبوله للأغراض الضريبية، وذلك للأسباب والاعتبارات المذكورة.\n\nويمكن الرجوع لنظام الضريبة ولائحته التنفيذية لمطالعة تفاصيل المصاريف وما تضمنه النظام من القيود في حسمها حيث تضمن النظام من المادة الثانية عشرة وحتى المادة العشرون وكذلك المادة التاسعة والعاشرة حديثاً مفصلاً عن المصاريف وما يتعلق بها، وكذلك تضمنت المادة الثامنة والتاسعة من اللائحة التنفيذية لجباية الزكاة الحديث عن المصاريف والضوابط المتعلقة بها من الجانب الزكوي.',	'posts/January2023/EZQjBEgfjzwJ7rKAb9DN.png',	'khdmat-tdqyq-alqwaem-almalyh',	NULL,	NULL,	'PUBLISHED',	0,	'2023-01-12 18:50:46',	'2023-02-06 09:05:13',	'posts/January2023/3SlxN0xiWfRy21MP4kfb.png'),
(16,	1,	1,	'خدمات الذكاة',	NULL,	'خدمات الزكاة والضرائب... متى تبدأ السنة الزكوية أو الضريبية للمكلف؟ خدمات الزكاة والضرائب الزكاة',	'يتضمن التطبيق الضريبي والزكوي في المملكة القيام بتعديل صافي الربح المحاسبي وذلك لمكلفي الزكاة ومكلفي ضريبة الدخل، إلا أن تفاصيل واعتبارات التعديل الضريبي تختلف عن تفاصيل واعتبارات التعديل الزكوي.\n\nمن الجانب الضريبي يتم تكوين الوعاء بإضافة كافة الإيرادات والأرباح والمكاسب الناتجة عن مزاولة النشاط بعد استبعاد الدخل المعفى وهو ما يعبر عن الدخل الخاضع للضريبة كما أشارت إلى ذلك المادة الثامنة من نظام ضريبة الدخل، إلا أن النظام الضريبي أعطى المكلف الحق في حسم المصاريف المرتبطة بحصول هذا الدخل المتحقق وهي ما أسماه النظام بالمصاريف جائزة الحسم.\n\nوقد وضع النظام الضريبي ضوابط متعددة لحسم المصاريف من الوعاء الضريبي وذلك لضمان أن تكون المصاريف المحسومة من الدخل الضريبي مرتبطة ومتعلقة به وألا يكون هذا الحسم باباً قصيراً لتحقيق الوفر الضريبي، ولذلك فقد تعددت المصاريف التي لا يجيز النظام حسمها حتى مع كون بعضها مصاريف فعلية ومتحققة، وقد تعددت كذلك الضوابط والشروط على بعض أنواع المصاريف التي يجوز حسمها، ومن ذلك عدم جواز حسم مزايا ورواتب الشركاء ومصاريف الترفية وغالب الغرامات والجزاءات المالية والمخصصات ومصاريف ضريبة الدخل وكذلك وضع ضوابط على مصاريف الاستهلاك وإعدام الديون ومساهمات صناديق التقاعد وفوائد القروض والمصاريف المدرسية والتبرعات ألخ...\n\n                    ويمكن أن نقول أن تعديل صافي الربح للأغراض الضريبية من جانب المصاريف يهدف إلى المحافظة على الدخل الضريبي ما أمكن، كما تجدر الإشارة إلى أن التعديل للأغراض الضريبية يتضمن كذلك استبعاد الدخل المعفى من الضريبية فقد تضمن النظام الضريبي إعفاء أنواع من الإيرادات والمكاسب بضوابط واعتبارات معينة ومن ذلك عوائد توزيعات الأرباح ومكاسب التخلص من الأوراق المالية.\n\nأما صافي الربح في الجانب الزكوي فهو يضاف لوعاء الزكاة باعتباره مصدر تمويل لأصول الشركة التي تتوجه لها الزكاة أصالةً، وعلى ذلك فإن المصاريف متى ما تحققت فلا بد أن تحسم من الإيرادات المتحققة من المنظور الزكوي باعتبارها تخفيضاً حقيقياً لمصدر التمويل (الإيراد)، ومع ذلك فقد تضمنت اللائحة التنفيذية لجباية الزكاة بعضاً من المصاريف التي لا يجوز حسمهاً مثل المخصصات والمصاريف الشخصية والمصاريف غير المثبتة مستندياً إلا أنها محصورة في جوانب وأسباب محددة مقارنةً بالتطبيق الضريبي، والاعتبار الأكبر هو كون المصروف متحقق أو غير متحقق وهذا متناسب من طبيعة وفلسفة إضافة الربح للوعاء الزكوي، وقد تضمنت اللائحة كذلك وضع بعض الضوابط لحسم بعض المصاريف مع تحققها مثل المصاريف المدرسية والتبرعات ولذلك لأغراض تنظيمية معتبرة، مع أهمية الإشارة إلى أن التعديل الزكوي لا يتضمن أي إيرادات معفاة لعدم تناسب ذلك مع فكرة وفلسفة إضافة الربح لوعاء الزكاة وإنما تستبعد بعض الإيرادات من الربح تجنبا للثني في حساب الزكاة المنهي عنها شرعاً.\n\nونلخص ما فات بالتأكيد على اختلاف فلسلفة إضافة الربح لوعاء ضريبة الدخل عن فلسفة إضافته لوعاء الزكاة مما ينتج عنه تباعاً اختلاف دواعي وأسباب التعديل على الربح، ويمكن أن نقول أن هناك توسع وتشعب في تعديل الربح الضريبي يقابله ضيق ومحدودية في تعديل صافي الربح الزكوي، حيث أن حيز قبول المصاريف للأغراض الزكوية أكبر من حيز قبوله للأغراض الضريبية، وذلك للأسباب والاعتبارات المذكورة.\n\nويمكن الرجوع لنظام الضريبة ولائحته التنفيذية لمطالعة تفاصيل المصاريف وما تضمنه النظام من القيود في حسمها حيث تضمن النظام من المادة الثانية عشرة وحتى المادة العشرون وكذلك المادة التاسعة والعاشرة حديثاً مفصلاً عن المصاريف وما يتعلق بها، وكذلك تضمنت المادة الثامنة والتاسعة من اللائحة التنفيذية لجباية الزكاة الحديث عن المصاريف والضوابط المتعلقة بها من الجانب الزكوي.',	'posts/January2023/SDugV3EcRD4KpZHgv5c1.png',	'zakat-post',	NULL,	NULL,	'PUBLISHED',	0,	'2023-01-12 18:50:46',	'2023-02-06 09:05:23',	'posts/January2023/3SlxN0xiWfRy21MP4kfb.png');

DROP TABLE IF EXISTS `price_offers_requests`;
CREATE TABLE `price_offers_requests` (
  `id` int(10) unsigned NOT NULL AUTO_INCREMENT,
  `name` varchar(255)   DEFAULT NULL,
  `email` varchar(255)   DEFAULT NULL,
  `company_name` varchar(255)   DEFAULT NULL,
  `phone` varchar(255)   DEFAULT NULL,
  `service_id` int(11) DEFAULT NULL,
  `body` text   DEFAULT NULL,
  `created_at` timestamp NULL DEFAULT NULL,
  `updated_at` timestamp NULL DEFAULT NULL,
  PRIMARY KEY (`id`)
) ENGINE=InnoDB;

INSERT INTO `price_offers_requests` (`id`, `name`, `email`, `company_name`, `phone`, `service_id`, `body`, `created_at`, `updated_at`) VALUES
(1,	'طارق',	't@c.com',	'ss',	'ss',	16,	NULL,	'2023-01-08 15:51:58',	'2023-01-08 15:51:58'),
(2,	'a',	'e@c.com',	'a',	'a',	NULL,	NULL,	'2023-01-08 15:54:40',	'2023-01-08 15:54:40'),
(3,	'ههه',	't@c.com',	NULL,	'22',	20,	NULL,	'2023-01-08 17:06:37',	'2023-01-08 17:06:37'),
(4,	'aa',	't@c.com',	NULL,	'2',	1,	NULL,	'2023-01-08 17:12:17',	'2023-01-08 17:12:17'),
(6,	't',	't@com.com',	NULL,	'01096',	NULL,	NULL,	'2023-01-09 11:00:21',	'2023-01-09 11:00:21'),
(8,	'طارق',	't@c.com',	NULL,	'6666',	NULL,	NULL,	'2023-01-12 18:47:15',	'2023-01-12 18:47:15'),
(9,	'كريم',	'k@c.com',	NULL,	'aaa',	20,	NULL,	'2023-01-12 19:04:39',	'2023-01-12 19:04:39'),
(10,	'admin',	'admin@admin.dev',	'thiqeel',	'01005369531',	16,	'test',	'2023-02-07 10:57:33',	'2023-02-07 10:57:33'),
(11,	'walid',	'asd@asd.com',	'thiqeel',	'01005369530',	51,	'test',	'2023-02-07 11:04:37',	'2023-02-07 11:04:37');

DROP TABLE IF EXISTS `recruitments`;
CREATE TABLE `recruitments` (
  `id` int(10) unsigned NOT NULL AUTO_INCREMENT,
  `name` varchar(255)   DEFAULT NULL,
  `email` varchar(255)   DEFAULT NULL,
  `job_title` varchar(255)   DEFAULT NULL,
  `phone` varchar(255)   DEFAULT NULL,
  `body` text   DEFAULT NULL,
  `resume` varchar(255)   DEFAULT NULL,
  `created_at` timestamp NULL DEFAULT NULL,
  `updated_at` timestamp NULL DEFAULT NULL,
  PRIMARY KEY (`id`)
) ENGINE=InnoDB;

INSERT INTO `recruitments` (`id`, `name`, `email`, `job_title`, `phone`, `body`, `resume`, `created_at`, `updated_at`) VALUES
(21,	'طارق شاكر',	'tarek@shaker.com',	'Developer',	'01000000000',	NULL,	'http://localhost:8000/storage/recruitment/January2023/1673191104_cv.docx',	'2023-01-08 13:18:24',	'2023-01-08 13:18:24'),
(22,	'زهرة',	'zahra@alkhars.com',	'مديرة تنفيذية',	'0103333333',	'طلب عمل',	'http://localhost:8000/storage/recruitment/January2023/1673268614_Amr Shaker CV 2022.pdf',	'2023-01-09 10:50:14',	'2023-01-09 10:50:14'),
(23,	'aa',	't@com.com',	'a',	'1',	NULL,	'http://localhost:8000/storage/recruitment/January2023/1673553834_Amr Shaker CV 2022.pdf',	'2023-01-12 18:03:54',	'2023-01-12 18:03:54'),
(24,	'walid',	'asd@asd.com',	'senior',	'01005369530',	'test',	'https://phplaravel-920740-3196777.cloudwaysapps.com/storage/recruitment/February2023/1675779461_walid mohamed (1).pdf',	'2023-02-07 11:17:41',	'2023-02-07 11:17:41'),
(25,	'admin',	'asd@asd.com',	'senior',	'01005369530',	'test',	'https://phplaravel-920740-3196777.cloudwaysapps.com/storage/recruitment/February2023/1675779625_walid mohamed (1).pdf',	'2023-02-07 11:20:25',	'2023-02-07 11:20:25'),
(26,	'admin',	'asd@asd.com',	'senior',	'01005369530',	'test',	'https://phplaravel-920740-3196777.cloudwaysapps.com/storage/recruitment/February2023/1675785355_walid mohamed (1).pdf',	'2023-02-07 12:55:55',	'2023-02-07 12:55:55');

DROP TABLE IF EXISTS `roles`;
CREATE TABLE `roles` (
  `id` bigint(20) unsigned NOT NULL AUTO_INCREMENT,
  `name` varchar(255)   NOT NULL,
  `display_name` varchar(255)   NOT NULL,
  `created_at` timestamp NULL DEFAULT NULL,
  `updated_at` timestamp NULL DEFAULT NULL,
  PRIMARY KEY (`id`),
  UNIQUE KEY `roles_name_unique` (`name`)
) ENGINE=InnoDB;

INSERT INTO `roles` (`id`, `name`, `display_name`, `created_at`, `updated_at`) VALUES
(1,	'admin',	'Administrator',	'2022-12-22 16:57:27',	'2022-12-22 16:57:27'),
(2,	'user',	'Normal User',	'2022-12-22 16:57:27',	'2022-12-22 16:57:27');

DROP TABLE IF EXISTS `services`;
CREATE TABLE `services` (
  `id` int(10) unsigned NOT NULL AUTO_INCREMENT,
  `parent_id` int(10) unsigned DEFAULT NULL,
  `order` int(11) NOT NULL DEFAULT 1,
  `title` varchar(255)   NOT NULL,
  `slug` varchar(255)   NOT NULL,
  `excerpt` text   DEFAULT NULL,
  `body` text   DEFAULT NULL,
  `created_at` timestamp NULL DEFAULT NULL,
  `updated_at` timestamp NULL DEFAULT NULL,
  `image` varchar(255)   DEFAULT NULL,
  `logo` varchar(255)   DEFAULT NULL,
  PRIMARY KEY (`id`),
  KEY `services_parent_id_index` (`parent_id`)
) ENGINE=InnoDB;

INSERT INTO `services` (`id`, `parent_id`, `order`, `title`, `slug`, `excerpt`, `body`, `created_at`, `updated_at`, `image`, `logo`) VALUES
(1,	NULL,	1,	'التدقيق والمراجعة',	'audit',	'',	NULL,	'2022-12-25 09:05:29',	'2022-12-25 14:24:20',	'services/December2022/2QaBsQ27egdIBZAKWLLp.png',	'services/December2022/HK7COAEGcbKAOzBArEwF.png'),
(2,	1,	1,	'المراجعة الخارجية',	'external-review',	'',	NULL,	'2022-12-25 09:10:21',	'2023-01-25 13:52:17',	'',	NULL),
(4,	NULL,	2,	'الزكاة والضرائب',	'taxes',	'الزكاة والضرائب',	NULL,	'2022-12-25 13:05:43',	'2022-12-25 14:25:05',	'services/December2022/GzezCpsYvZTMfljhVYIL.png',	'services/December2022/uyHcZ1qMcB2SjybKW28e.png'),
(5,	4,	1,	'ضريبة القيمة المضافة',	'vat',	'ضريبة القيمة المضافة',	NULL,	'2022-12-25 13:10:23',	'2022-12-25 13:10:23',	NULL,	NULL),
(6,	1,	2,	'خدمات الفحص والتأكيدات الأخرى والخدمات ذات العلاقة',	'testing-and-assurance-services',	'خدمات الفحص والتأكيدات الأخرى والخدمات ذات العلاقة',	NULL,	'2023-01-12 16:34:41',	'2023-01-12 16:36:11',	NULL,	NULL),
(7,	1,	3,	'استشارات التقارير المالية',	'financial-reporting-consulting',	'استشارات التقارير المالية',	NULL,	'2023-01-12 16:37:20',	'2023-01-12 16:37:20',	NULL,	NULL),
(8,	1,	4,	'خدمات التقارير الخاصة',	'special-reporting-services',	'خدمات التقارير الخاصة',	NULL,	'2023-01-12 16:37:55',	'2023-01-12 16:38:04',	NULL,	NULL),
(9,	4,	2,	'الاستشارات الزكوية والضريبية المتخصصة',	'specialized-zakat-and-tax-advice',	'الاستشارات الزكوية والضريبية المتخصصة',	NULL,	'2023-01-12 16:39:10',	'2023-01-12 16:39:10',	NULL,	NULL),
(10,	4,	3,	'ضريبة الاستقطاع',	'withholding-tax',	'ضريبة الاستقطاع',	NULL,	'2023-01-12 16:42:58',	'2023-01-12 16:42:58',	NULL,	NULL),
(11,	4,	4,	'مراجعة ورفع الاقرارات الزكوية والضريبية',	'review-and-raise-zakat-and-tax-returns',	'مراجعة ورفع الاقرارات الزكوية والضريبية',	NULL,	'2023-01-12 16:43:52',	'2023-01-12 16:43:52',	NULL,	NULL),
(12,	4,	5,	'الاعتراضات الزكوية والضريبية',	'zakat-and-tax-objections',	'الاعتراضات الزكوية والضريبية',	NULL,	'2023-01-12 16:44:57',	'2023-01-12 16:44:57',	NULL,	NULL),
(13,	4,	6,	'تسعير المعاملات',	'transaction-pricing',	'تسعير المعاملات',	NULL,	'2023-01-12 16:45:55',	'2023-01-12 16:45:55',	NULL,	NULL),
(14,	NULL,	7,	' خدمات الإفلاس',	'bankruptcy-services',	' خدمات الإفلاس',	NULL,	'2023-01-12 16:49:27',	'2023-01-22 09:46:33',	'services/January2023/005d3qSNpN9XRaDEtS6o.png',	'services/January2023/munwkAMOCm8GO8CuyHBO.png'),
(15,	14,	1,	'إدارة إجراءات التسوية الوقائية',	'managing-preventive-settlement-procedures',	'إدارة إجراءات التسوية الوقائية',	NULL,	'2023-01-12 16:53:29',	'2023-01-12 16:53:29',	NULL,	NULL),
(16,	14,	2,	'إدارة إجراءات إعادة التنظيم المالي',	'managing-financial-reorganization-procedures',	'إدارة إجراءات إعادة التنظيم المالي',	NULL,	'2023-01-12 16:54:28',	'2023-01-12 16:54:28',	NULL,	NULL),
(17,	14,	3,	'إدارة إجراءات التصفية',	'management-of-liquidation-procedures',	'إدارة إجراءات التصفية',	NULL,	'2023-01-12 16:55:13',	'2023-01-12 16:55:13',	NULL,	NULL),
(18,	NULL,	3,	' الاستشارات المالية والإدارية',	'financial-and-administrative-consulting',	' الاستشارات المالية والإدارية',	NULL,	'2023-01-12 16:56:33',	'2023-01-22 09:41:18',	'services/January2023/AQQs9Bo6kdn8caOcY7z5.png',	'services/January2023/tCV5S6fLdADFnmlr1KNT.png'),
(19,	18,	1,	'إعداد دراسات الجدوى والدراسات التحليلية',	'preparing-feasibility-studies-and-analytical-studies',	'إعداد دراسات الجدوى والدراسات التحليلية',	NULL,	'2023-01-12 16:59:31',	'2023-01-12 16:59:31',	NULL,	NULL),
(20,	18,	2,	'التطوير الإستراتيجي',	'strategic-development',	'التطوير الإستراتيجي',	NULL,	'2023-01-12 17:00:05',	'2023-01-12 17:00:05',	NULL,	NULL),
(21,	18,	3,	'إدارة التمويل',	'finance-management',	'إدارة التمويل',	NULL,	'2023-01-12 17:03:49',	'2023-01-12 17:06:23',	NULL,	NULL),
(22,	18,	4,	'خدمات رفع رأس المال',	'capital-raising-services',	'خدمات رفع رأس المال',	NULL,	'2023-01-12 17:04:23',	'2023-01-12 17:04:23',	NULL,	NULL),
(23,	18,	5,	'تعزيز أداء العمليات',	'enhance-operations-performance',	'تعزيز أداء العمليات',	NULL,	'2023-01-12 17:04:59',	'2023-01-24 10:57:00',	NULL,	NULL),
(24,	18,	6,	' إدارة الأصول والأملاك',	'asset-and-property-management',	' إدارة الأصول والأملاك',	NULL,	'2023-01-12 17:07:12',	'2023-01-12 17:07:12',	NULL,	NULL),
(25,	NULL,	5,	' إعادة الهيكلة والتخطيط',	'restructuring-and-planning',	' إعادة الهيكلة والتخطيط',	NULL,	'2023-01-12 17:09:33',	'2023-01-22 09:49:55',	'services/January2023/PDPcK5iXXeKEiAbmnFXY.png',	'services/January2023/VDLkxDknwpR8dk5dXZEA.png'),
(26,	25,	1,	'إعادة هيكلة المنشآت والشركات التابعة لها',	'restructuring-of-facilities-and-its-subsidiaries',	'إعادة هيكلة المنشآت والشركات التابعة لها',	NULL,	'2023-01-12 17:10:45',	'2023-01-12 17:10:45',	NULL,	NULL),
(27,	25,	2,	'خدمات الاندماج والاستحواذ',	'mergers-and-acquisitions-services',	'خدمات الاندماج والاستحواذ',	NULL,	'2023-01-12 17:11:34',	'2023-01-24 10:58:00',	NULL,	NULL),
(28,	25,	3,	'تحويل الكيانات القانونية',	'transfer-of-legal-entities',	'تحويل الكيانات القانونية',	NULL,	'2023-01-12 17:12:12',	'2023-01-12 17:12:12',	NULL,	NULL),
(29,	25,	4,	'تعظيم وإدارة كفاءة التكاليف',	'maximize-and-manage-cost-efficiencies',	'تعظيم وإدارة كفاءة التكاليف',	NULL,	'2023-01-12 17:12:59',	'2023-01-12 17:12:59',	NULL,	NULL),
(30,	25,	5,	'إعادة هيكلة السيولة والديون',	'liquidity-and-debt-restructuring',	'إعادة هيكلة السيولة والديون',	NULL,	'2023-01-12 17:13:44',	'2023-01-12 17:13:44',	NULL,	NULL),
(31,	NULL,	6,	' الخدمات القضائية',	'judicial-services',	' الخدمات القضائية',	NULL,	'2023-01-12 17:14:38',	'2023-01-12 17:14:38',	'services/January2023/xH0BxNG6JoOzQpGyP8NM.png',	NULL),
(32,	31,	1,	'خدمات حل النزاعات',	'dispute-resolution-services',	'خدمات حل النزاعات',	NULL,	'2023-01-12 17:15:13',	'2023-01-12 17:15:13',	NULL,	NULL),
(33,	31,	2,	'التحقيق والاستقصاء المالي',	'financial-investigation-and-survey',	'التحقيق والاستقصاء المالي',	NULL,	'2023-01-12 17:16:09',	'2023-01-12 17:16:09',	NULL,	NULL),
(34,	31,	3,	'خدمات ذكاء الأعمال',	'business-intelligence-services',	'خدمات ذكاء الأعمال',	NULL,	'2023-01-12 17:16:43',	'2023-01-12 17:16:43',	NULL,	NULL),
(35,	31,	4,	'التقارير الجنائية للجهات الحكومية',	'criminal-reports-for-government-agencies',	'التقارير الجنائية للجهات الحكومية',	NULL,	'2023-01-12 17:17:27',	'2023-01-24 10:58:42',	NULL,	NULL),
(36,	31,	5,	'إعداد تقارير التحليل الجنائي المالي',	'preparing-financial-forensic-analysis-reports',	'إعداد تقارير التحليل الجنائي المالي',	NULL,	'2023-01-12 17:18:14',	'2023-01-24 10:59:44',	NULL,	NULL),
(37,	31,	6,	'إدارة التركات',	'estate-management',	'إدارة التركات',	NULL,	'2023-01-12 17:18:50',	'2023-01-12 17:18:50',	NULL,	NULL),
(38,	NULL,	8,	'المراجعة الداخلية وإدارة المخاطر',	'internal-audit-and-risk-management',	'المراجعة الداخلية وإدارة المخاطر',	NULL,	'2023-01-12 17:20:36',	'2023-01-22 09:47:16',	'services/January2023/8iLD1go1RnLfICXTrCUZ.png',	NULL),
(39,	38,	1,	'التدقيق الداخلي',	'internal-audit',	'التدقيق الداخلي',	NULL,	'2023-01-12 17:22:23',	'2023-01-12 17:22:23',	NULL,	NULL),
(40,	38,	2,	'مراقبة وإدارة المخاطر',	'risk-control-and-management',	'مراقبة وإدارة المخاطر',	NULL,	'2023-01-12 17:24:01',	'2023-01-12 17:24:01',	NULL,	NULL),
(41,	38,	3,	'حلول الاحتيال',	'fraud-solutions',	'حلول الاحتيال',	NULL,	'2023-01-12 17:25:39',	'2023-01-24 11:00:31',	NULL,	NULL),
(42,	38,	4,	'تطوير الحوكمة',	'governance-development',	'تطوير الحوكمة',	NULL,	'2023-01-12 17:26:24',	'2023-01-12 17:26:24',	NULL,	NULL),
(43,	38,	5,	'تطوير وتحسين السياسات والإجراءات الداخلية',	'develop-and-improve-internal-policies-and-procedures',	'تطوير وتحسين السياسات والإجراءات الداخلية',	NULL,	'2023-01-12 17:27:16',	'2023-01-12 17:27:16',	NULL,	NULL),
(44,	NULL,	8,	' الخدمات المحاسبية ومسك الدفاتر ',	'accounting-and-bookkeeping-services',	' الخدمات المحاسبية ومسك الدفاتر ',	NULL,	'2023-01-12 17:29:05',	'2023-01-22 09:47:34',	'services/January2023/pH7yOCZbMnbVF2Gxj6ml.png',	NULL),
(45,	44,	1,	'مسك الدفاتر المحاسبية',	'accounting-bookkeeping',	'مسك الدفاتر المحاسبية',	NULL,	'2023-01-12 17:29:43',	'2023-01-12 17:29:43',	NULL,	NULL),
(46,	44,	2,	'خدمات الضريبة والزكاة',	'tax-and-zakat-services',	'خدمات الضريبة والزكاة',	NULL,	'2023-01-12 17:31:02',	'2023-01-12 17:31:02',	NULL,	NULL),
(47,	44,	3,	'خدمات إقفال السنة المالية',	'fiscal-year-closing-services',	'خدمات إقفال السنة المالية',	NULL,	'2023-01-12 17:33:09',	'2023-01-24 11:01:10',	NULL,	NULL),
(48,	44,	4,	'تنصيب البرامج المحاسبية والمالية',	'installing-accounting-and-financial-software',	'تنصيب البرامج المحاسبية والمالية',	NULL,	'2023-01-12 17:37:48',	'2023-01-12 17:37:48',	NULL,	NULL),
(49,	44,	5,	'خدمات تنصيب برامج إدارة موارد المنشآت',	'facilities-resource-management-software-installation-services',	'خدمات تنصيب برامج إدارة موارد المنشآت',	NULL,	'2023-01-12 17:38:58',	'2023-01-12 17:38:58',	NULL,	NULL),
(50,	NULL,	9,	'الإشراف المحاسبي لمشاريع البيع على الخارطة \"وافي\"',	'wafi',	'الإشراف المحاسبي لمشاريع البيع على الخارطة \"وافي\"',	NULL,	'2023-01-12 17:40:16',	'2023-01-12 17:40:16',	'services/January2023/3di9hyGJzVLz0yVKNckO.png',	NULL),
(51,	50,	1,	' الإشراف المحاسبي والمتابعة المالية لمشاريع البيع والتأجير على الخارطة',	'accounting-supervision-and-financial-follow-up-of-off-plan-sales-and-leasing-projects',	'الإشراف المحاسبي والمتابعة المالية لمشاريع البيع والتأجير على الخارطة',	NULL,	'2023-01-12 18:02:17',	'2023-01-24 11:02:07',	NULL,	NULL),
(52,	NULL,	10,	'اخري',	'اخري',	'اخري',	NULL,	'2023-01-26 08:27:30',	'2023-01-26 08:28:47',	NULL,	NULL);

DROP TABLE IF EXISTS `settings`;
CREATE TABLE `settings` (
  `id` int(10) unsigned NOT NULL AUTO_INCREMENT,
  `key` varchar(255)   NOT NULL,
  `display_name` varchar(255)   NOT NULL,
  `value` text   DEFAULT NULL,
  `details` text   DEFAULT NULL,
  `type` varchar(255)   NOT NULL,
  `order` int(11) NOT NULL DEFAULT 1,
  `group` varchar(255)   DEFAULT NULL,
  PRIMARY KEY (`id`),
  UNIQUE KEY `settings_key_unique` (`key`)
) ENGINE=InnoDB;

INSERT INTO `settings` (`id`, `key`, `display_name`, `value`, `details`, `type`, `order`, `group`) VALUES
(1,	'site.title',	'Site Title',	'على الخرس محاسبون قانونيون واستشاريون',	'',	'text',	1,	'Site'),
(2,	'site.description',	'Site Description',	'Site Description',	'',	'text',	2,	'Site'),
(3,	'site.logo',	'Site Logo',	'settings/December2022/eV3ncC5PKIuGjyk46FPi.png',	'',	'image',	3,	'Site'),
(4,	'site.google_analytics_tracking_id',	'Google Analytics Tracking ID',	NULL,	'',	'text',	4,	'Site'),
(5,	'admin.bg_image',	'Admin Background Image',	'',	'',	'image',	5,	'Admin'),
(6,	'admin.title',	'Admin Title',	'Ali Alkhars',	'',	'text',	1,	'Admin'),
(7,	'admin.description',	'Admin Description',	'Welcome to Voyager. The Missing Admin for Laravel',	'',	'text',	2,	'Admin'),
(8,	'admin.loader',	'Admin Loader',	'',	'',	'image',	3,	'Admin'),
(9,	'admin.icon_image',	'Admin Icon Image',	'',	'',	'image',	4,	'Admin'),
(10,	'admin.google_analytics_client_id',	'Google Analytics Client ID (used for admin dashboard)',	NULL,	'',	'text',	1,	'Admin'),
(14,	'company.email',	'Company Email',	'client.relations@akcpa.co',	NULL,	'text',	6,	'Company'),
(15,	'company.phone',	'Company Phone',	'+966 50 603 9926',	NULL,	'text',	7,	'Company'),
(19,	'company.facebook',	'Company Facebook',	'https://www.facebook.com/profile.php?id=100086325743471',	NULL,	'text',	8,	'Company'),
(20,	'company.twitter',	'Company Twitter',	'https://www.twitter.com',	NULL,	'text',	8,	'Company'),
(21,	'company.linkedin',	'Company Linkedin',	'https://www.linkedin.com/company/37407619/admin/',	NULL,	'text',	8,	'Company'),
(22,	'company.slogan',	'Company Slogan',	'دقة ومهنية .. لحلول مالية مستدامة',	NULL,	'text',	9,	'Company');

DROP TABLE IF EXISTS `sliders`;
CREATE TABLE `sliders` (
  `id` int(10) unsigned NOT NULL AUTO_INCREMENT,
  `page_id` int(10) unsigned DEFAULT NULL,
  `title` varchar(255)   DEFAULT NULL,
  `created_at` timestamp NULL DEFAULT NULL,
  `updated_at` timestamp NULL DEFAULT NULL,
  PRIMARY KEY (`id`),
  KEY `sliders_page_id_index` (`page_id`)
) ENGINE=InnoDB;

INSERT INTO `sliders` (`id`, `page_id`, `title`, `created_at`, `updated_at`) VALUES
(1,	6,	'main',	'2022-12-29 13:46:44',	'2022-12-29 14:25:07'),
(3,	2,	'goals',	'2022-12-29 15:34:48',	'2022-12-29 15:35:28');

DROP TABLE IF EXISTS `slider_images`;
CREATE TABLE `slider_images` (
  `id` int(10) unsigned NOT NULL AUTO_INCREMENT,
  `slider_id` int(10) unsigned DEFAULT NULL,
  `image` varchar(255)   NOT NULL,
  `title` varchar(255)   DEFAULT NULL,
  `excerpt` text   DEFAULT NULL,
  `created_at` timestamp NULL DEFAULT NULL,
  `updated_at` timestamp NULL DEFAULT NULL,
  `order` int(11) DEFAULT 1,
  `animation_order` int(11) DEFAULT 1,
  PRIMARY KEY (`id`),
  KEY `slider_image_slider_id_index` (`slider_id`)
) ENGINE=InnoDB;

INSERT INTO `slider_images` (`id`, `slider_id`, `image`, `title`, `excerpt`, `created_at`, `updated_at`, `order`, `animation_order`) VALUES
(1,	1,	'slider-image/December2022/QWFuyw8LkjPjos2nV1vI.png',	'الخرس محاسبون قانونيون واستشاريون',	'دقة ومهنية .. لحلول مالية مستدامة',	'2022-12-29 14:16:00',	'2023-01-12 18:57:55',	1,	1),
(2,	1,	'slider-image/December2022/fjhU4x3GXd2VTwgKaqSD.png',	'الخرس محاسبون قانونيون واستشاريون',	'حلول متكاملة',	'2022-12-29 15:02:00',	'2023-01-12 18:58:14',	2,	1),
(3,	1,	'slider-image/December2022/mworJ3zbt7wiXdYu56Jo.png',	'الخرس محاسبون قانونيون واستشاريون',	'شريكك المالي',	'2022-12-29 15:12:00',	'2023-01-12 18:53:52',	3,	1),
(4,	3,	'slider-image/December2022/ViixpDXSelRrPJIuQgy2.png',	'شريك مالي',	'',	'2022-12-29 15:37:00',	'2023-01-22 10:19:46',	1,	1),
(5,	3,	'slider-image/December2022/Z2SOGdF3tJ92vAJvS5c3.png',	'حلول متكاملة',	'',	'2022-12-29 16:08:00',	'2023-01-22 10:23:30',	2,	1),
(6,	3,	'slider-image/December2022/s5WhWc5Hf1y8uWY2Ia9E.png',	'مخرجات دقيقة',	'',	'2022-12-29 16:21:00',	'2023-01-22 10:24:01',	3,	2),
(7,	3,	'slider-image/December2022/xtRgvnilihICJ6IeYeYu.png',	'تحقيق الأهداف',	'',	'2022-12-29 16:22:00',	'2023-01-22 10:24:39',	4,	2),
(8,	3,	'slider-image/December2022/xrMUBbiRRzFQhE8M1R21.png',	'in Success',	'Partners',	'2022-12-29 16:23:00',	'2023-01-22 10:25:00',	5,	3);

DROP TABLE IF EXISTS `team_members`;
CREATE TABLE `team_members` (
  `id` int(10) unsigned NOT NULL AUTO_INCREMENT,
  `name` varchar(255)   DEFAULT NULL,
  `title` varchar(255)   DEFAULT NULL,
  `order` int(11) DEFAULT 1,
  `created_at` timestamp NULL DEFAULT NULL,
  `updated_at` timestamp NULL DEFAULT NULL,
  `image` varchar(255)   DEFAULT NULL,
  `job_description` text   DEFAULT NULL,
  `active` tinyint(4) DEFAULT 1,
  PRIMARY KEY (`id`)
) ENGINE=InnoDB;

INSERT INTO `team_members` (`id`, `name`, `title`, `order`, `created_at`, `updated_at`, `image`, `job_description`, `active`) VALUES
(1,	'الأستاذ/ علي محمد الخرس',	'الشريك الإداري',	1,	'2022-12-29 18:03:02',	'2023-02-06 08:47:25',	'team-members/December2022/53GivUlGSkxlcULwoj6Z.png',	'ﻋﻀﻮ اﻟﻤﻌﻬﺪ اﻷﻣﺮﻳﻜﻲ ﻟﻠﻤﺤﺎﺳﺒﻴﻦ اﻟﻘﺎﻧﻮﻧﻴﻴﻦ\nﻋﻀﻮ اﻟﻬﻴﺌﺔ اﻟﺴﻌﻮدﻳﺔ ﻟﻠﻤﺮاﺟﻌﻴﻦ  واﻟﻤﺤﺎﺳﺒﻴﻦ\nﻣﺎﺟﺴﺘﻴﺮ ﻣﺤﺎﺳﺒﺔ ﺟﺎﻣﻌﺔ دﻧﻔﺮ اﻷﻣﺮﻳﻜﻴﺔ\nﺑﻜﺎﻟﻮرﻳﻮس علوم إدارية (ﺟﺎﻣﻌﺔ إﻧﺪﻳﺎﻧﺎ اﻷﻣﺮﻳﻜﻴﺔ ) ﻣﺤﺎﺳﺒﺔ و ﻣﺎﻟﻴﺔ ودراﺳﺎت دوﻟﻴﺔ\nعمل في مجال المراجعة مع مكتب (PwC)\nخبرة عملية في مجال الاستشارات المحاسبية والمالية والإدراية وتأسيس الشركات الناشئة المتوسطة منها والكبيرة. شغر مناصب إدارية وقدم استشارات وخدمات لشركات عالمية ومحلية منها صندوق الاستثمارات العامة وشركات تابعة لشركة أرامكو السعودية وغيرها',	0),
(2,	'الأستاذ/ علي محمد الخرس',	'مدير إدراة - مراجعة',	2,	'2022-12-31 12:09:33',	'2023-02-06 08:47:17',	'team-members/December2022/noJRYPlk75tZknU0JJT0.png',	'درجة البكالوريوس من جامعة القاهرة – جمهورية مصر  العربية\nزمالة المحاسبين القانونيين المصرية MESAA\nعمل في عدد من مكاتب المراجعة العالمية   (KPMG)(MGI WORLDWIDE)  ثم الانضمام إلى علي الخرس محاسبون قانونيون و استشاريون\nخبرة أكثر من (24) عام في تقديم خدمات المراجعة والتدقيق  في قطاعات متعددة الاستثمار  والتصنيع والطاقة والمقاولات والبرمجيات والتجارية وغيرها',	0),
(3,	'الأستاذ/ حمادة حسن عبدالله',	' مدير أول – مراجعة',	3,	'2023-01-12 18:35:09',	'2023-02-06 08:47:10',	'team-members/January2023/Dp8R3Tr9VqlweYj28ym9.png',	'درجة البكالوريوس من جامعة عين شمس – جمهورية مصر العربية\nزميل الهيئة السعودية للمراجعين والمحاسبين \nعمل في عدد من مكاتب المراجعة العالمية (PKF) و(DFK International) ثم الانضمام إلى علي الخرس محاسبون قانونيون و استشاريون\nخبرة (12) عاماً في تقديم خدمات المراجعة والتدقيق والزكاة و القضايا في قطاعات الاستثمار و المقاولات و الطاقة و التعدين و غيرها',	0),
(4,	'الأستاذ/ محمد صلاح بنداري',	'مدير أول – مراجعة',	4,	'2023-01-12 18:37:59',	'2023-02-06 08:59:46',	'team-members/January2023/QHjCcN3BZI94cmDjyHqx.png',	'درجة البكالوريوس من جامعة الزقازيق – جمهورية مصر العربية \nزمالة المحاسبين القانونيين المصرية MESAA\nعمل في عدد من مكاتب المراجعة العالمية (KPMG) (MGI WORLDWIDE) ثم الانضمام إلى علي الخرس محاسبون قانونيون و استشاريون\nخبرة أكثر من (24) عام في تقديم خدمات المراجعة والتدقيق في قطاعات متعددة الاستثمار والتصنيع والطاقة والمقاولات والبرمجيات والتجارية وغيرها',	0),
(5,	'الأستاذ/ جواد عبدالله مراد',	'مدير– مراجعة',	5,	'2023-01-12 18:42:05',	'2023-02-06 08:59:58',	'team-members/January2023/9gGeLTjZNAD5F5Sc10Vj.png',	' درجة البكالوريوس من جامعة دمشق – جمهورية سوريا العربية\n عمل في عدد من مكاتب المراجعة المحلية\nخبرة 12 عام في تقديم خدمات المراجعة و التدقيق والبرامج المحاسبية في قطاعات النفط و المقاولات و الخدمات و الاستثمارات و غيره',	0);

DROP TABLE IF EXISTS `translations`;
CREATE TABLE `translations` (
  `id` int(10) unsigned NOT NULL AUTO_INCREMENT,
  `table_name` varchar(255)   NOT NULL,
  `column_name` varchar(255)   NOT NULL,
  `foreign_key` int(10) unsigned NOT NULL,
  `locale` varchar(255)   NOT NULL,
  `value` text   NOT NULL,
  `created_at` timestamp NULL DEFAULT NULL,
  `updated_at` timestamp NULL DEFAULT NULL,
  PRIMARY KEY (`id`),
  UNIQUE KEY `translations_table_name_column_name_foreign_key_locale_unique` (`table_name`,`column_name`,`foreign_key`,`locale`)
) ENGINE=InnoDB;

INSERT INTO `translations` (`id`, `table_name`, `column_name`, `foreign_key`, `locale`, `value`, `created_at`, `updated_at`) VALUES
(1,	'data_types',	'display_name_singular',	5,	'pt',	'Post',	'2022-12-22 16:57:28',	'2022-12-22 16:57:28'),
(2,	'data_types',	'display_name_singular',	6,	'pt',	'Página',	'2022-12-22 16:57:28',	'2022-12-22 16:57:28'),
(3,	'data_types',	'display_name_singular',	1,	'pt',	'Utilizador',	'2022-12-22 16:57:28',	'2022-12-22 16:57:28'),
(4,	'data_types',	'display_name_singular',	4,	'pt',	'Categoria',	'2022-12-22 16:57:28',	'2022-12-22 16:57:28'),
(5,	'data_types',	'display_name_singular',	2,	'pt',	'Menu',	'2022-12-22 16:57:28',	'2022-12-22 16:57:28'),
(6,	'data_types',	'display_name_singular',	3,	'pt',	'Função',	'2022-12-22 16:57:28',	'2022-12-22 16:57:28'),
(7,	'data_types',	'display_name_plural',	5,	'pt',	'Posts',	'2022-12-22 16:57:28',	'2022-12-22 16:57:28'),
(8,	'data_types',	'display_name_plural',	6,	'pt',	'Páginas',	'2022-12-22 16:57:28',	'2022-12-22 16:57:28'),
(9,	'data_types',	'display_name_plural',	1,	'pt',	'Utilizadores',	'2022-12-22 16:57:28',	'2022-12-22 16:57:28'),
(10,	'data_types',	'display_name_plural',	4,	'pt',	'Categorias',	'2022-12-22 16:57:28',	'2022-12-22 16:57:28'),
(11,	'data_types',	'display_name_plural',	2,	'pt',	'Menus',	'2022-12-22 16:57:28',	'2022-12-22 16:57:28'),
(12,	'data_types',	'display_name_plural',	3,	'pt',	'Funções',	'2022-12-22 16:57:28',	'2022-12-22 16:57:28'),
(13,	'categories',	'slug',	1,	'pt',	'categoria-1',	'2022-12-22 16:57:28',	'2022-12-22 16:57:28'),
(14,	'categories',	'name',	1,	'pt',	'Categoria 1',	'2022-12-22 16:57:28',	'2022-12-22 16:57:28'),
(15,	'categories',	'slug',	2,	'pt',	'categoria-2',	'2022-12-22 16:57:28',	'2022-12-22 16:57:28'),
(16,	'categories',	'name',	2,	'pt',	'Categoria 2',	'2022-12-22 16:57:28',	'2022-12-22 16:57:28'),
(17,	'pages',	'title',	1,	'pt',	'Olá Mundo',	'2022-12-22 16:57:28',	'2022-12-22 16:57:28'),
(18,	'pages',	'slug',	1,	'pt',	'ola-mundo',	'2022-12-22 16:57:28',	'2022-12-22 16:57:28'),
(19,	'pages',	'body',	1,	'pt',	'<p>Olá Mundo. Scallywag grog swab Cat o\'nine tails scuttle rigging hardtack cable nipper Yellow Jack. Handsomely spirits knave lad killick landlubber or just lubber deadlights chantey pinnace crack Jennys tea cup. Provost long clothes black spot Yellow Jack bilged on her anchor league lateen sail case shot lee tackle.</p>\r\n<p>Ballast spirits fluke topmast me quarterdeck schooner landlubber or just lubber gabion belaying pin. Pinnace stern galleon starboard warp carouser to go on account dance the hempen jig jolly boat measured fer yer chains. Man-of-war fire in the hole nipperkin handsomely doubloon barkadeer Brethren of the Coast gibbet driver squiffy.</p>',	'2022-12-22 16:57:28',	'2022-12-22 16:57:28'),
(20,	'menu_items',	'title',	1,	'pt',	'Painel de Controle',	'2022-12-22 16:57:29',	'2022-12-22 16:57:29'),
(21,	'menu_items',	'title',	2,	'pt',	'Media',	'2022-12-22 16:57:29',	'2022-12-22 16:57:29'),
(22,	'menu_items',	'title',	12,	'pt',	'Publicações',	'2022-12-22 16:57:29',	'2022-12-22 16:57:29'),
(23,	'menu_items',	'title',	3,	'pt',	'Utilizadores',	'2022-12-22 16:57:29',	'2022-12-22 16:57:29'),
(24,	'menu_items',	'title',	11,	'pt',	'Categorias',	'2022-12-22 16:57:29',	'2022-12-22 16:57:29'),
(25,	'menu_items',	'title',	13,	'pt',	'Páginas',	'2022-12-22 16:57:29',	'2022-12-22 16:57:29'),
(26,	'menu_items',	'title',	4,	'pt',	'Funções',	'2022-12-22 16:57:29',	'2022-12-22 16:57:29'),
(27,	'menu_items',	'title',	5,	'pt',	'Ferramentas',	'2022-12-22 16:57:29',	'2022-12-22 16:57:29'),
(28,	'menu_items',	'title',	6,	'pt',	'Menus',	'2022-12-22 16:57:29',	'2022-12-22 16:57:29'),
(29,	'menu_items',	'title',	7,	'pt',	'Base de dados',	'2022-12-22 16:57:29',	'2022-12-22 16:57:29'),
(30,	'menu_items',	'title',	10,	'pt',	'Configurações',	'2022-12-22 16:57:29',	'2022-12-22 16:57:29'),
(31,	'pages',	'title',	2,	'ar',	'من نحن',	'2022-12-23 01:03:35',	'2022-12-23 01:03:35'),
(32,	'pages',	'slug',	2,	'ar',	'about',	'2022-12-23 01:03:35',	'2022-12-23 01:03:35'),
(33,	'pages',	'title',	2,	'en',	'About',	'2022-12-23 01:20:12',	'2022-12-23 01:20:12'),
(34,	'pages',	'body',	2,	'en',	'<p>About</p>',	'2022-12-23 01:20:12',	'2022-12-23 01:20:12'),
(35,	'pages',	'slug',	2,	'en',	'about',	'2022-12-23 01:20:12',	'2022-12-23 01:20:12'),
(36,	'data_rows',	'display_name',	44,	'en',	'ID',	'2022-12-23 01:41:53',	'2022-12-23 01:41:53'),
(37,	'data_rows',	'display_name',	45,	'en',	'Author',	'2022-12-23 01:41:53',	'2022-12-23 01:41:53'),
(38,	'data_rows',	'display_name',	46,	'en',	'Title',	'2022-12-23 01:41:53',	'2022-12-23 01:41:53'),
(39,	'data_rows',	'display_name',	47,	'en',	'Excerpt',	'2022-12-23 01:41:53',	'2022-12-23 01:41:53'),
(40,	'data_rows',	'display_name',	48,	'en',	'Body',	'2022-12-23 01:41:53',	'2022-12-23 01:41:53'),
(41,	'data_rows',	'display_name',	55,	'en',	'Page Image',	'2022-12-23 01:41:53',	'2022-12-23 01:41:53'),
(42,	'data_rows',	'display_name',	49,	'en',	'Slug',	'2022-12-23 01:41:53',	'2022-12-23 01:41:53'),
(43,	'data_rows',	'display_name',	50,	'en',	'Meta Description',	'2022-12-23 01:41:53',	'2022-12-23 01:41:53'),
(44,	'data_rows',	'display_name',	51,	'en',	'Meta Keywords',	'2022-12-23 01:41:53',	'2022-12-23 01:41:53'),
(45,	'data_rows',	'display_name',	52,	'en',	'Status',	'2022-12-23 01:41:53',	'2022-12-23 01:41:53'),
(46,	'data_rows',	'display_name',	53,	'en',	'Created At',	'2022-12-23 01:41:53',	'2022-12-23 01:41:53'),
(47,	'data_rows',	'display_name',	54,	'en',	'Updated At',	'2022-12-23 01:41:54',	'2022-12-23 01:41:54'),
(48,	'data_types',	'display_name_singular',	6,	'en',	'Page',	'2022-12-23 01:41:54',	'2022-12-23 01:41:54'),
(49,	'data_types',	'display_name_plural',	6,	'en',	'Pages',	'2022-12-23 01:41:54',	'2022-12-23 01:41:54'),
(50,	'menu_items',	'title',	16,	'en',	'Home',	'2022-12-23 13:10:18',	'2022-12-23 13:10:48'),
(51,	'menu_items',	'title',	17,	'en',	'ِAbout',	'2022-12-23 13:32:42',	'2022-12-23 13:32:42'),
(52,	'menu_items',	'title',	18,	'en',	'Services',	'2022-12-23 13:34:05',	'2022-12-23 13:34:05'),
(53,	'menu_items',	'title',	19,	'en',	'Recruitment',	'2022-12-23 13:34:49',	'2022-12-23 13:34:49'),
(54,	'menu_items',	'title',	20,	'en',	'Contact us',	'2022-12-23 13:35:29',	'2022-12-23 13:35:29'),
(55,	'menu_items',	'title',	21,	'en',	'Blogs',	'2022-12-23 13:36:00',	'2022-12-24 12:15:16'),
(56,	'menu_items',	'title',	22,	'en',	'Price Offer Request',	'2022-12-23 13:36:44',	'2022-12-23 13:36:44'),
(57,	'data_rows',	'display_name',	58,	'en',	'Id',	'2022-12-23 21:26:40',	'2022-12-23 21:26:40'),
(58,	'data_rows',	'display_name',	59,	'en',	'Title',	'2022-12-23 21:26:40',	'2022-12-23 21:26:40'),
(59,	'data_rows',	'display_name',	60,	'en',	'Created At',	'2022-12-23 21:26:40',	'2022-12-23 21:26:40'),
(60,	'data_rows',	'display_name',	61,	'en',	'Updated At',	'2022-12-23 21:26:40',	'2022-12-23 21:26:40'),
(61,	'data_types',	'display_name_singular',	9,	'en',	'Location',	'2022-12-23 21:26:40',	'2022-12-23 21:26:40'),
(62,	'data_types',	'display_name_plural',	9,	'en',	'Locations',	'2022-12-23 21:26:40',	'2022-12-23 21:26:40'),
(63,	'locations',	'title',	1,	'en',	'alhasa',	'2022-12-23 21:32:03',	'2022-12-23 21:32:03'),
(64,	'locations',	'title',	2,	'en',	'Riyadh',	'2022-12-23 21:35:47',	'2022-12-23 21:35:47'),
(65,	'locations',	'title',	3,	'en',	'Al Khobar',	'2022-12-23 21:36:19',	'2022-12-23 21:36:19'),
(66,	'data_rows',	'display_name',	62,	'en',	'Order',	'2022-12-23 23:31:58',	'2022-12-23 23:31:58'),
(67,	'data_rows',	'display_name',	63,	'en',	'Location Url',	'2022-12-23 23:34:23',	'2022-12-23 23:34:23'),
(68,	'pages',	'title',	3,	'en',	'Contact us',	'2022-12-23 23:52:34',	'2022-12-25 14:11:05'),
(69,	'pages',	'slug',	3,	'en',	'contact-us',	'2022-12-23 23:52:34',	'2022-12-23 23:52:34'),
(70,	'pages',	'excerpt',	2,	'en',	'Our values ​​express the basic principles that form the basis of the broadcast signal. An axis that evolved as an integrated fabric without isolation',	'2022-12-24 13:31:47',	'2022-12-24 13:31:47'),
(75,	'data_rows',	'display_name',	94,	'en',	'Id',	'2022-12-25 08:20:12',	'2022-12-25 08:20:12'),
(76,	'data_rows',	'display_name',	95,	'en',	'Title',	'2022-12-25 08:20:12',	'2022-12-25 08:20:12'),
(77,	'data_rows',	'display_name',	96,	'en',	'Excerpt',	'2022-12-25 08:20:12',	'2022-12-25 08:20:12'),
(78,	'data_rows',	'display_name',	97,	'en',	'Order',	'2022-12-25 08:20:12',	'2022-12-25 08:20:12'),
(79,	'data_rows',	'display_name',	98,	'en',	'Created At',	'2022-12-25 08:20:12',	'2022-12-25 08:20:12'),
(80,	'data_rows',	'display_name',	99,	'en',	'Updated At',	'2022-12-25 08:20:12',	'2022-12-25 08:20:12'),
(81,	'data_types',	'display_name_singular',	19,	'en',	'Service',	'2022-12-25 08:20:12',	'2022-12-25 08:20:12'),
(82,	'data_types',	'display_name_plural',	19,	'en',	'Services',	'2022-12-25 08:20:12',	'2022-12-25 08:20:12'),
(83,	'data_rows',	'display_name',	100,	'en',	'Image',	'2022-12-25 08:22:14',	'2022-12-25 08:22:14'),
(84,	'menu_items',	'title',	26,	'en',	'Services',	'2022-12-25 08:31:20',	'2022-12-25 08:31:20'),
(85,	'data_rows',	'display_name',	101,	'en',	'Parent',	'2022-12-25 09:00:45',	'2022-12-25 09:00:45'),
(86,	'data_rows',	'display_name',	102,	'en',	'Name',	'2022-12-25 09:00:45',	'2022-12-25 09:00:45'),
(87,	'data_rows',	'display_name',	103,	'en',	'Slug',	'2022-12-25 09:00:45',	'2022-12-25 09:00:45'),
(88,	'data_rows',	'display_name',	104,	'en',	'Body',	'2022-12-25 09:00:45',	'2022-12-25 09:00:45'),
(89,	'data_rows',	'display_name',	105,	'en',	'Image',	'2022-12-25 09:03:27',	'2022-12-25 09:03:27'),
(90,	'services',	'title',	1,	'en',	'Audit and Assurance',	'2022-12-25 09:05:29',	'2023-01-25 12:28:22'),
(91,	'services',	'title',	2,	'en',	'External Audits',	'2022-12-25 09:10:21',	'2023-01-25 13:52:17'),
(93,	'services',	'title',	4,	'en',	'Zakat and Taxation',	'2022-12-25 13:05:43',	'2023-01-25 12:29:07'),
(94,	'data_rows',	'display_name',	108,	'en',	'Title',	'2022-12-25 13:09:20',	'2022-12-25 13:09:20'),
(95,	'services',	'title',	5,	'en',	'Value Added Tax ',	'2022-12-25 13:10:23',	'2023-01-25 13:47:57'),
(96,	'pages',	'title',	4,	'en',	'Our Services',	'2022-12-25 13:18:11',	'2022-12-25 13:18:11'),
(97,	'pages',	'excerpt',	4,	'en',	'Our Services',	'2022-12-25 13:18:11',	'2022-12-25 13:18:11'),
(98,	'pages',	'slug',	4,	'en',	'services',	'2022-12-25 13:18:11',	'2022-12-25 13:18:41'),
(99,	'services',	'excerpt',	5,	'en',	'Value Added Tax ',	'2022-12-25 13:45:14',	'2023-01-25 13:47:57'),
(100,	'services',	'excerpt',	4,	'en',	'Zakat and Taxation',	'2022-12-25 13:45:27',	'2023-01-25 12:29:07'),
(101,	'pages',	'title',	5,	'en',	'Recruitment',	'2022-12-25 14:05:26',	'2022-12-25 14:05:26'),
(102,	'pages',	'excerpt',	5,	'en',	'Please fill out the required data for the job application and send your CV, and we will get back to you as soon as possible',	'2022-12-25 14:05:26',	'2022-12-25 14:11:33'),
(103,	'pages',	'slug',	5,	'en',	'recruitment',	'2022-12-25 14:05:26',	'2022-12-25 14:05:26'),
(104,	'pages',	'excerpt',	3,	'en',	'Please fill in the required data to request a service or quote, and our specialized team will respond to you as soon as possible',	'2022-12-25 14:11:05',	'2022-12-25 14:11:05'),
(105,	'data_rows',	'display_name',	109,	'en',	'Logo',	'2022-12-25 14:23:30',	'2022-12-25 14:23:30'),
(111,	'data_rows',	'display_name',	29,	'en',	'ID',	'2022-12-25 17:10:23',	'2022-12-25 17:10:23'),
(112,	'data_rows',	'display_name',	30,	'en',	'Author',	'2022-12-25 17:10:23',	'2022-12-25 17:10:23'),
(113,	'data_rows',	'display_name',	31,	'en',	'Category',	'2022-12-25 17:10:23',	'2022-12-25 17:10:23'),
(114,	'data_rows',	'display_name',	32,	'en',	'Title',	'2022-12-25 17:10:23',	'2022-12-25 17:10:23'),
(115,	'data_rows',	'display_name',	42,	'en',	'SEO Title',	'2022-12-25 17:10:23',	'2022-12-25 17:10:23'),
(116,	'data_rows',	'display_name',	33,	'en',	'Excerpt',	'2022-12-25 17:10:23',	'2022-12-25 17:10:23'),
(117,	'data_rows',	'display_name',	34,	'en',	'Body',	'2022-12-25 17:10:23',	'2022-12-25 17:10:23'),
(118,	'data_rows',	'display_name',	35,	'en',	'Post Image',	'2022-12-25 17:10:23',	'2022-12-25 17:10:23'),
(119,	'data_rows',	'display_name',	36,	'en',	'Slug',	'2022-12-25 17:10:23',	'2022-12-25 17:10:23'),
(120,	'data_rows',	'display_name',	37,	'en',	'Meta Description',	'2022-12-25 17:10:23',	'2022-12-25 17:10:23'),
(121,	'data_rows',	'display_name',	38,	'en',	'Meta Keywords',	'2022-12-25 17:10:23',	'2022-12-25 17:10:23'),
(122,	'data_rows',	'display_name',	39,	'en',	'Status',	'2022-12-25 17:10:23',	'2022-12-25 17:10:23'),
(123,	'data_rows',	'display_name',	43,	'en',	'Featured',	'2022-12-25 17:10:23',	'2022-12-25 17:10:23'),
(124,	'data_rows',	'display_name',	40,	'en',	'Created At',	'2022-12-25 17:10:23',	'2022-12-25 17:10:23'),
(125,	'data_rows',	'display_name',	41,	'en',	'Updated At',	'2022-12-25 17:10:23',	'2022-12-25 17:10:23'),
(126,	'data_types',	'display_name_singular',	5,	'en',	'Post',	'2022-12-25 17:10:23',	'2022-12-25 17:10:23'),
(127,	'data_types',	'display_name_plural',	5,	'en',	'Posts',	'2022-12-25 17:10:23',	'2022-12-25 17:10:23'),
(128,	'categories',	'name',	1,	'en',	'Home',	'2022-12-25 17:17:30',	'2022-12-25 17:17:30'),
(129,	'categories',	'slug',	1,	'en',	'home',	'2022-12-25 17:17:30',	'2022-12-25 17:17:30'),
(130,	'categories',	'name',	2,	'en',	'Blogs',	'2022-12-25 17:18:02',	'2022-12-25 17:18:02'),
(131,	'categories',	'slug',	2,	'en',	'blogs',	'2022-12-25 17:18:02',	'2022-12-25 17:18:02'),
(132,	'data_rows',	'display_name',	110,	'en',	'Id',	'2023-01-12 15:58:56',	'2023-01-12 15:58:56'),
(133,	'data_rows',	'display_name',	111,	'en',	'Name',	'2023-01-12 15:58:56',	'2023-01-12 15:58:56'),
(134,	'data_rows',	'display_name',	112,	'en',	'Email',	'2023-01-12 15:58:56',	'2023-01-12 15:58:56'),
(135,	'data_rows',	'display_name',	113,	'en',	'Company Name',	'2023-01-12 15:58:56',	'2023-01-12 15:58:56'),
(136,	'data_rows',	'display_name',	114,	'en',	'Phone',	'2023-01-12 15:58:56',	'2023-01-12 15:58:56'),
(137,	'data_rows',	'display_name',	115,	'en',	'Service',	'2023-01-12 15:58:56',	'2023-01-12 15:58:56'),
(138,	'data_rows',	'display_name',	116,	'en',	'Body',	'2023-01-12 15:58:56',	'2023-01-12 15:58:56'),
(139,	'data_rows',	'display_name',	117,	'en',	'Created At',	'2023-01-12 15:58:56',	'2023-01-12 15:58:56'),
(140,	'data_rows',	'display_name',	118,	'en',	'Updated At',	'2023-01-12 15:58:56',	'2023-01-12 15:58:56'),
(141,	'data_rows',	'display_name',	119,	'en',	'Service',	'2023-01-12 15:58:56',	'2023-01-12 15:58:56'),
(142,	'data_types',	'display_name_singular',	20,	'en',	'Contact',	'2023-01-12 15:58:56',	'2023-01-12 15:58:56'),
(143,	'data_types',	'display_name_plural',	20,	'en',	'Contacts',	'2023-01-12 15:58:56',	'2023-01-12 15:58:56'),
(144,	'data_rows',	'display_name',	120,	'en',	'Id',	'2023-01-12 16:02:19',	'2023-01-12 16:02:19'),
(145,	'data_rows',	'display_name',	121,	'en',	'Name',	'2023-01-12 16:02:19',	'2023-01-12 16:02:19'),
(146,	'data_rows',	'display_name',	122,	'en',	'Email',	'2023-01-12 16:02:19',	'2023-01-12 16:02:19'),
(147,	'data_rows',	'display_name',	123,	'en',	'Company Name',	'2023-01-12 16:02:19',	'2023-01-12 16:02:19'),
(148,	'data_rows',	'display_name',	124,	'en',	'Phone',	'2023-01-12 16:02:19',	'2023-01-12 16:02:19'),
(149,	'data_rows',	'display_name',	125,	'en',	'Service',	'2023-01-12 16:02:19',	'2023-01-12 16:02:19'),
(150,	'data_rows',	'display_name',	126,	'en',	'Body',	'2023-01-12 16:02:19',	'2023-01-12 16:02:19'),
(151,	'data_rows',	'display_name',	127,	'en',	'Created At',	'2023-01-12 16:02:19',	'2023-01-12 16:02:19'),
(152,	'data_rows',	'display_name',	128,	'en',	'Updated At',	'2023-01-12 16:02:19',	'2023-01-12 16:02:19'),
(153,	'data_rows',	'display_name',	129,	'en',	'Service',	'2023-01-12 16:02:19',	'2023-01-12 16:02:19'),
(154,	'data_types',	'display_name_singular',	22,	'en',	'Price Offers Request',	'2023-01-12 16:02:19',	'2023-01-12 16:02:19'),
(155,	'data_types',	'display_name_plural',	22,	'en',	'Price Offers Requests',	'2023-01-12 16:02:19',	'2023-01-12 16:02:19'),
(156,	'menu_items',	'title',	28,	'en',	'Price Offers Requests',	'2023-01-12 16:03:50',	'2023-01-12 16:03:50'),
(157,	'data_rows',	'display_name',	130,	'en',	'Id',	'2023-01-12 16:05:06',	'2023-01-12 16:05:06'),
(158,	'data_rows',	'display_name',	131,	'en',	'Name',	'2023-01-12 16:05:06',	'2023-01-12 16:05:06'),
(159,	'data_rows',	'display_name',	132,	'en',	'Email',	'2023-01-12 16:05:06',	'2023-01-12 16:05:06'),
(160,	'data_rows',	'display_name',	133,	'en',	'Job Title',	'2023-01-12 16:05:06',	'2023-01-12 16:05:06'),
(161,	'data_rows',	'display_name',	134,	'en',	'Phone',	'2023-01-12 16:05:06',	'2023-01-12 16:05:06'),
(162,	'data_rows',	'display_name',	135,	'en',	'Body',	'2023-01-12 16:05:06',	'2023-01-12 16:05:06'),
(163,	'data_rows',	'display_name',	136,	'en',	'Resume',	'2023-01-12 16:05:06',	'2023-01-12 16:05:06'),
(164,	'data_rows',	'display_name',	137,	'en',	'Created At',	'2023-01-12 16:05:06',	'2023-01-12 16:05:06'),
(165,	'data_rows',	'display_name',	138,	'en',	'Updated At',	'2023-01-12 16:05:06',	'2023-01-12 16:05:06'),
(166,	'data_types',	'display_name_singular',	23,	'en',	'Recruitment',	'2023-01-12 16:05:06',	'2023-01-12 16:05:06'),
(167,	'data_types',	'display_name_plural',	23,	'en',	'Recruitments',	'2023-01-12 16:05:06',	'2023-01-12 16:05:06'),
(168,	'menu_items',	'title',	29,	'en',	'Recruitments',	'2023-01-12 16:05:19',	'2023-01-12 16:05:19'),
(169,	'categories',	'name',	4,	'en',	'About us',	'2023-01-12 16:26:10',	'2023-01-12 16:26:10'),
(170,	'categories',	'slug',	4,	'en',	'about-us',	'2023-01-12 16:26:10',	'2023-01-12 16:26:10'),
(171,	'services',	'title',	6,	'en',	'Statutory Audits & Reviews',	'2023-01-12 16:34:41',	'2023-01-25 13:52:55'),
(172,	'services',	'excerpt',	6,	'en',	'Statutory Audits & Reviews',	'2023-01-12 16:34:41',	'2023-01-25 13:52:55'),
(173,	'services',	'title',	7,	'en',	'Financial Reporting Consultancy',	'2023-01-12 16:37:20',	'2023-01-25 13:54:09'),
(174,	'services',	'excerpt',	7,	'en',	'Financial Reporting Consultancy',	'2023-01-12 16:37:20',	'2023-01-25 13:54:09'),
(175,	'services',	'title',	8,	'en',	'Special reporting services',	'2023-01-12 16:37:55',	'2023-01-12 16:37:55'),
(176,	'services',	'excerpt',	8,	'en',	'Special reporting services',	'2023-01-12 16:37:55',	'2023-01-12 16:37:55'),
(177,	'services',	'title',	9,	'en',	'Income Tax and Zakat',	'2023-01-12 16:39:10',	'2023-01-25 13:48:31'),
(178,	'services',	'excerpt',	9,	'en',	'Income Tax and Zakat',	'2023-01-12 16:39:10',	'2023-01-25 13:48:31'),
(179,	'services',	'title',	10,	'en',	'Withholding Tax',	'2023-01-12 16:42:58',	'2023-01-25 13:49:00'),
(180,	'services',	'excerpt',	10,	'en',	'Withholding Tax',	'2023-01-12 16:42:58',	'2023-01-25 13:49:00'),
(181,	'services',	'title',	11,	'en',	'Tax Planning',	'2023-01-12 16:43:52',	'2023-01-25 13:49:32'),
(182,	'services',	'excerpt',	11,	'en',	'Tax Planning',	'2023-01-12 16:43:52',	'2023-01-25 13:49:32'),
(183,	'services',	'title',	12,	'en',	'Tax Reports Compliance ',	'2023-01-12 16:44:57',	'2023-01-25 13:50:04'),
(184,	'services',	'excerpt',	12,	'en',	'Tax Reports Compliance ',	'2023-01-12 16:44:57',	'2023-01-25 13:50:04'),
(185,	'services',	'title',	13,	'en',	'Transfer Pricing',	'2023-01-12 16:45:55',	'2023-01-25 13:51:46'),
(186,	'services',	'excerpt',	13,	'en',	'Transfer Pricing',	'2023-01-12 16:45:55',	'2023-01-25 13:51:46'),
(187,	'services',	'title',	14,	'en',	'Bankruptcy Services ',	'2023-01-12 16:49:27',	'2023-01-25 12:30:03'),
(188,	'services',	'excerpt',	14,	'en',	'Bankruptcy Services ',	'2023-01-12 16:49:27',	'2023-01-25 12:30:03'),
(189,	'services',	'title',	15,	'en',	'Protective Settlement',	'2023-01-12 16:53:29',	'2023-01-25 13:39:48'),
(190,	'services',	'excerpt',	15,	'en',	'Protective Settlement',	'2023-01-12 16:53:29',	'2023-01-25 13:39:48'),
(191,	'services',	'title',	16,	'en',	'Financial Restructuring',	'2023-01-12 16:54:28',	'2023-01-25 13:40:39'),
(192,	'services',	'excerpt',	16,	'en',	'Financial Restructuring',	'2023-01-12 16:54:28',	'2023-01-25 13:40:39'),
(193,	'services',	'title',	17,	'en',	'Liquidation ',	'2023-01-12 16:55:13',	'2023-01-25 13:41:24'),
(194,	'services',	'excerpt',	17,	'en',	'Liquidation ',	'2023-01-12 16:55:13',	'2023-01-25 13:41:24'),
(195,	'services',	'title',	18,	'en',	'Financial and Administrative Consulting ',	'2023-01-12 16:56:33',	'2023-01-25 12:30:57'),
(196,	'services',	'excerpt',	18,	'en',	'Financial and Administrative Consulting ',	'2023-01-12 16:56:33',	'2023-01-25 12:30:57'),
(197,	'services',	'title',	19,	'en',	'Financial Modeling and Analytical Studies',	'2023-01-12 16:59:31',	'2023-01-25 13:28:02'),
(198,	'services',	'excerpt',	19,	'en',	'Financial Modeling and Analytical Studies',	'2023-01-12 16:59:31',	'2023-01-25 13:28:02'),
(199,	'services',	'title',	20,	'en',	'Strategic Development',	'2023-01-12 17:00:05',	'2023-01-25 13:28:37'),
(200,	'services',	'excerpt',	20,	'en',	'Strategic Development',	'2023-01-12 17:00:05',	'2023-01-25 13:28:37'),
(201,	'services',	'title',	21,	'en',	'Liquidity Management ',	'2023-01-12 17:03:49',	'2023-01-25 13:29:11'),
(202,	'services',	'excerpt',	21,	'en',	'Liquidity Management ',	'2023-01-12 17:03:49',	'2023-01-25 13:29:11'),
(203,	'services',	'title',	22,	'en',	'Fund Raising ',	'2023-01-12 17:04:23',	'2023-01-25 13:30:18'),
(204,	'services',	'excerpt',	22,	'en',	'Fund Raising ',	'2023-01-12 17:04:23',	'2023-01-25 13:30:18'),
(205,	'services',	'title',	23,	'en',	'Processes Performance Enhancement',	'2023-01-12 17:04:59',	'2023-01-25 13:30:55'),
(206,	'services',	'excerpt',	23,	'en',	'Processes Performance Enhancement',	'2023-01-12 17:04:59',	'2023-01-25 13:30:55'),
(207,	'services',	'title',	24,	'en',	'Assets and Wealth Management ',	'2023-01-12 17:07:12',	'2023-01-25 13:31:26'),
(208,	'services',	'excerpt',	24,	'en',	'Assets and Wealth Management ',	'2023-01-12 17:07:12',	'2023-01-25 13:31:26'),
(209,	'services',	'title',	25,	'en',	'Restructuring & Recovery',	'2023-01-12 17:09:33',	'2023-01-25 12:32:10'),
(210,	'services',	'excerpt',	25,	'en',	'Restructuring & Recovery',	'2023-01-12 17:09:33',	'2023-01-25 12:32:10'),
(211,	'services',	'title',	26,	'en',	'Corporate Restructuring',	'2023-01-12 17:10:45',	'2023-01-25 13:24:30'),
(212,	'services',	'excerpt',	26,	'en',	'Corporate Restructuring',	'2023-01-12 17:10:45',	'2023-01-25 13:24:30'),
(213,	'services',	'title',	27,	'en',	'Merger and Acquisition ',	'2023-01-12 17:11:34',	'2023-01-25 13:25:24'),
(214,	'services',	'excerpt',	27,	'en',	'Merger and Acquisition',	'2023-01-12 17:11:34',	'2023-01-25 13:25:24'),
(215,	'services',	'title',	28,	'en',	'Leagle Entity Transformation ',	'2023-01-12 17:12:12',	'2023-01-25 13:26:11'),
(216,	'services',	'excerpt',	28,	'en',	'Leagle Entity Transformation  ',	'2023-01-12 17:12:12',	'2023-01-25 13:26:11'),
(217,	'services',	'title',	29,	'en',	'Cost Efficiency Consulting',	'2023-01-12 17:12:59',	'2023-01-25 13:26:47'),
(218,	'services',	'excerpt',	29,	'en',	'Cost Efficiency Consulting',	'2023-01-12 17:12:59',	'2023-01-25 13:26:47'),
(219,	'services',	'title',	30,	'en',	'Liquidity and debt restructuring',	'2023-01-12 17:13:44',	'2023-01-12 17:13:44'),
(220,	'services',	'excerpt',	30,	'en',	'Liquidity and debt restructuring',	'2023-01-12 17:13:44',	'2023-01-12 17:13:44'),
(221,	'services',	'title',	31,	'en',	'Financial Forensic',	'2023-01-12 17:14:38',	'2023-01-25 12:42:09'),
(222,	'services',	'excerpt',	31,	'en',	'Financial Forensic',	'2023-01-12 17:14:38',	'2023-01-25 12:42:09'),
(223,	'services',	'title',	32,	'en',	'Dispute Services',	'2023-01-12 17:15:13',	'2023-01-25 13:04:56'),
(224,	'services',	'excerpt',	32,	'en',	'Dispute Services',	'2023-01-12 17:15:13',	'2023-01-25 13:04:56'),
(225,	'services',	'title',	33,	'en',	'Investigations',	'2023-01-12 17:16:09',	'2023-01-25 13:05:37'),
(226,	'services',	'excerpt',	33,	'en',	'Investigations',	'2023-01-12 17:16:09',	'2023-01-25 13:05:37'),
(227,	'services',	'title',	34,	'en',	'Business Intelligence Services',	'2023-01-12 17:16:43',	'2023-01-25 13:06:08'),
(228,	'services',	'excerpt',	34,	'en',	'Business Intelligence Services',	'2023-01-12 17:16:43',	'2023-01-25 13:06:08'),
(229,	'services',	'title',	35,	'en',	'Criminal Reports',	'2023-01-12 17:17:27',	'2023-01-25 13:06:48'),
(230,	'services',	'excerpt',	35,	'en',	'Criminal Reports',	'2023-01-12 17:17:27',	'2023-01-25 13:06:48'),
(231,	'services',	'title',	36,	'en',	'Financial Forensic Reports',	'2023-01-12 17:18:14',	'2023-01-25 13:07:29'),
(232,	'services',	'excerpt',	36,	'en',	'Financial Forensic Reports',	'2023-01-12 17:18:14',	'2023-01-25 13:07:29'),
(233,	'services',	'title',	37,	'en',	'Trust Management ',	'2023-01-12 17:18:50',	'2023-01-25 13:08:00'),
(234,	'services',	'excerpt',	37,	'en',	'Trust Management ',	'2023-01-12 17:18:50',	'2023-01-25 13:08:00'),
(235,	'services',	'title',	38,	'en',	'Internal audit and risk management',	'2023-01-12 17:20:36',	'2023-01-12 17:20:36'),
(236,	'services',	'excerpt',	38,	'en',	'Internal audit and risk management',	'2023-01-12 17:20:36',	'2023-01-12 17:20:36'),
(237,	'services',	'title',	39,	'en',	'Internal audit',	'2023-01-12 17:22:24',	'2023-01-12 17:22:24'),
(238,	'services',	'excerpt',	39,	'en',	'Internal audit',	'2023-01-12 17:22:24',	'2023-01-12 17:22:24'),
(239,	'services',	'title',	40,	'en',	'Risk control and management',	'2023-01-12 17:24:01',	'2023-01-12 17:24:01'),
(240,	'services',	'excerpt',	40,	'en',	'Risk control and management',	'2023-01-12 17:24:01',	'2023-01-12 17:24:01'),
(241,	'services',	'title',	41,	'en',	'Fraud Investigation Solutions',	'2023-01-12 17:25:39',	'2023-01-25 12:54:05'),
(242,	'services',	'excerpt',	41,	'en',	'Fraud Investigation Solutions',	'2023-01-12 17:25:39',	'2023-01-25 12:54:05'),
(243,	'services',	'title',	42,	'en',	'Governance Services  ',	'2023-01-12 17:26:24',	'2023-01-25 12:58:29'),
(244,	'services',	'excerpt',	42,	'en',	'Governance Services  ',	'2023-01-12 17:26:24',	'2023-01-25 12:58:29'),
(245,	'services',	'title',	43,	'en',	'Processes Performance Enhancement',	'2023-01-12 17:27:16',	'2023-01-25 12:59:21'),
(246,	'services',	'excerpt',	43,	'en',	'Processes Performance Enhancement',	'2023-01-12 17:27:16',	'2023-01-25 12:59:21'),
(247,	'services',	'title',	44,	'en',	'Bookkeeping & Accounting Advisory',	'2023-01-12 17:29:05',	'2023-01-25 12:39:44'),
(248,	'services',	'excerpt',	44,	'en',	'Bookkeeping & Accounting Advisory',	'2023-01-12 17:29:05',	'2023-01-25 12:39:44'),
(249,	'services',	'title',	45,	'en',	'Bookkeeping ',	'2023-01-12 17:29:43',	'2023-01-25 12:45:23'),
(250,	'services',	'excerpt',	45,	'en',	'Bookkeeping ',	'2023-01-12 17:29:43',	'2023-01-25 12:45:23'),
(251,	'services',	'title',	46,	'en',	'Zakat and Tax Services ',	'2023-01-12 17:31:02',	'2023-01-25 12:48:44'),
(252,	'services',	'excerpt',	46,	'en',	'Zakat and Tax Services ',	'2023-01-12 17:31:02',	'2023-01-25 12:48:44'),
(253,	'services',	'title',	47,	'en',	'Year End Closing  ',	'2023-01-12 17:33:09',	'2023-01-25 12:49:16'),
(254,	'services',	'excerpt',	47,	'en',	'Year End Closing  ',	'2023-01-12 17:33:09',	'2023-01-25 12:49:16'),
(255,	'services',	'title',	48,	'en',	'Accounting and Financial Application Set-up',	'2023-01-12 17:37:48',	'2023-01-25 12:50:06'),
(256,	'services',	'excerpt',	48,	'en',	'Accounting and Financial Application Set-up',	'2023-01-12 17:37:48',	'2023-01-25 12:50:06'),
(257,	'services',	'title',	49,	'en',	'ERP Implementation',	'2023-01-12 17:38:58',	'2023-01-25 12:50:49'),
(258,	'services',	'excerpt',	49,	'en',	'ERP Implementation',	'2023-01-12 17:38:58',	'2023-01-25 12:50:49'),
(259,	'services',	'title',	50,	'en',	'Off Plan Sales Or Rent',	'2023-01-12 17:40:16',	'2023-01-25 12:43:31'),
(260,	'services',	'excerpt',	50,	'en',	'Off Plan Sales Or Rent',	'2023-01-12 17:40:16',	'2023-01-25 12:43:31'),
(261,	'services',	'title',	51,	'en',	'Accounting supervision and financial audit over Off-plan sales or rent projects approved by Ministry of Housing',	'2023-01-12 18:02:17',	'2023-01-25 12:44:19'),
(262,	'services',	'excerpt',	51,	'en',	'Accounting supervision and financial audit over Off-plan sales or rent projects approved by Ministry of Housing',	'2023-01-12 18:02:17',	'2023-01-25 12:44:19'),
(263,	'posts',	'title',	7,	'en',	'Integrity',	'2023-01-12 18:06:48',	'2023-01-12 18:06:48'),
(264,	'posts',	'body',	7,	'en',	'Always show the highest degree of integrity\nCommitment to producing high quality outputs\nSticking to what is always right as our reputation is our priority',	'2023-01-12 18:06:48',	'2023-01-12 18:06:48'),
(265,	'posts',	'slug',	7,	'en',	'integrity',	'2023-01-12 18:06:48',	'2023-01-12 18:06:48'),
(266,	'posts',	'title',	8,	'en',	'Superiority',	'2023-01-12 18:10:13',	'2023-01-12 18:10:13'),
(267,	'posts',	'body',	8,	'en',	'Commitment to providing the highest quality standards in all our services\nFocusing on analytical vision and professional excellence along with respect, trust and transparency\nApplying distinguished knowledge, skills and experiences daily and in innovative ways',	'2023-01-12 18:10:13',	'2023-01-12 18:10:13'),
(268,	'posts',	'slug',	8,	'en',	'superiority',	'2023-01-12 18:10:13',	'2023-01-12 18:10:13'),
(269,	'posts',	'title',	9,	'en',	'Teamwork',	'2023-01-12 18:11:52',	'2023-01-12 18:11:52'),
(270,	'posts',	'body',	9,	'en',	'Promote a comprehensive work environment that supports cooperation and knowledge exchange\nRespect all ideas and opinions and integrate other points of view\nSupporting the idea of ​​teamwork and enhancing feedback to ensure continuous development',	'2023-01-12 18:11:52',	'2023-01-12 18:11:52'),
(271,	'posts',	'slug',	9,	'en',	'teamwork',	'2023-01-12 18:11:52',	'2023-01-12 18:11:52'),
(272,	'posts',	'title',	10,	'en',	'Rethinking',	'2023-01-12 18:13:52',	'2023-01-12 18:13:52'),
(273,	'posts',	'body',	10,	'en',	'Always challenge the status quo and embrace change\nInnovate, learn, and keep developing\nManage stressful situations with an open mind towards all possibilities',	'2023-01-12 18:13:52',	'2023-01-12 18:13:52'),
(274,	'posts',	'slug',	10,	'en',	'rethinking',	'2023-01-12 18:13:52',	'2023-01-12 18:13:52'),
(275,	'posts',	'title',	11,	'en',	'Responsibility',	'2023-01-12 18:19:54',	'2023-01-12 18:19:54'),
(276,	'posts',	'body',	11,	'en',	'Take responsibility and commitment to all the work we do\nCommitment to the promises and commitments we make to workers in all our outputs\nCommitment to providing distinguished work of high quality',	'2023-01-12 18:19:54',	'2023-01-12 18:19:54'),
(277,	'posts',	'slug',	11,	'en',	'responsibility',	'2023-01-12 18:19:54',	'2023-01-12 18:19:54'),
(278,	'posts',	'title',	12,	'en',	'Vision',	'2023-01-12 18:25:39',	'2023-01-12 18:25:39'),
(279,	'posts',	'body',	12,	'en',	'To become the preferred choice for our clients as chartered accountants and consultants to provide high-quality accounting and financial services and capable, specialized and professional accounting capabilities that meet all needs with integrity befitting our field of competence and services to local and international establishments at a global professional level while adhering to the traditions and work systems in the Kingdom of Saudi Arabia',	'2023-01-12 18:25:39',	'2023-01-12 18:25:39'),
(280,	'posts',	'slug',	12,	'en',	'vision',	'2023-01-12 18:25:39',	'2023-01-12 18:25:39'),
(281,	'posts',	'title',	13,	'en',	'Mission',	'2023-01-12 18:26:54',	'2023-01-12 18:26:54'),
(282,	'posts',	'body',	13,	'en',	'To add value to our customers through professional services that are characterized by quality, integrity and objectivity and comply with the highest local and international standards to meet the needs of our customers and reach common successes with them with permanent and continuous commitment to international standards of professional performance',	'2023-01-12 18:26:54',	'2023-01-12 18:26:54'),
(283,	'posts',	'slug',	13,	'en',	'mission',	'2023-01-12 18:26:54',	'2023-01-12 18:26:54'),
(284,	'data_rows',	'display_name',	139,	'en',	'Id',	'2023-01-12 18:30:55',	'2023-01-12 18:30:55'),
(285,	'data_rows',	'display_name',	140,	'en',	'Name',	'2023-01-12 18:30:55',	'2023-01-12 18:30:55'),
(286,	'data_rows',	'display_name',	141,	'en',	'Title',	'2023-01-12 18:30:55',	'2023-01-12 18:30:55'),
(287,	'data_rows',	'display_name',	142,	'en',	'Order',	'2023-01-12 18:30:55',	'2023-01-12 18:30:55'),
(288,	'data_rows',	'display_name',	143,	'en',	'Created At',	'2023-01-12 18:30:55',	'2023-01-12 18:30:55'),
(289,	'data_rows',	'display_name',	144,	'en',	'Updated At',	'2023-01-12 18:30:55',	'2023-01-12 18:30:55'),
(290,	'data_rows',	'display_name',	145,	'en',	'Image',	'2023-01-12 18:30:55',	'2023-01-12 18:30:55'),
(291,	'data_rows',	'display_name',	146,	'en',	'Job Description',	'2023-01-12 18:30:55',	'2023-01-12 18:30:55'),
(292,	'data_types',	'display_name_singular',	24,	'en',	'Team Member',	'2023-01-12 18:30:55',	'2023-01-12 18:30:55'),
(293,	'data_types',	'display_name_plural',	24,	'en',	'Team Members',	'2023-01-12 18:30:55',	'2023-01-12 18:30:55'),
(294,	'menu_items',	'title',	30,	'en',	'Team Members',	'2023-01-12 18:31:10',	'2023-01-12 18:31:10'),
(295,	'team_members',	'name',	3,	'en',	'Mr. Hamada Hassan Abdullah',	'2023-01-12 18:35:09',	'2023-01-12 18:35:09'),
(296,	'team_members',	'title',	3,	'en',	'Senior Manager - Review',	'2023-01-12 18:35:09',	'2023-01-12 18:35:09'),
(297,	'team_members',	'job_description',	3,	'en',	'Bachelor\'s degree from Ain Shams University - Arab Republic of Egypt\nFellow of the Saudi Organization for Auditors and Accountants\nHe worked in a number of international auditing firms (PKF) and (DFK International) and then joined Ali Al-Khars Chartered Accountants and Consultants\n(12) years of experience in providing auditing, auditing, zakat and lawsuits services in the investment, contracting, energy, mining and other sectors.',	'2023-01-12 18:35:09',	'2023-01-12 18:35:09'),
(298,	'team_members',	'name',	4,	'en',	'Mr. Mohamed Salah Bandari',	'2023-01-12 18:37:59',	'2023-01-12 18:37:59'),
(299,	'team_members',	'title',	4,	'en',	'Senior Manager - Review',	'2023-01-12 18:37:59',	'2023-01-12 18:37:59'),
(300,	'team_members',	'job_description',	4,	'en',	'Bachelor\'s degree from Zagazig University - Arab Republic of Egypt\nFellowship of Egyptian Chartered Accountants MESAA\nHe worked in a number of international audit firms (KPMG) (MGI WORLDWIDE) and then joined Ali Al-Khars Chartered Accountants and Consultants\nMore than (24) years of experience in providing auditing and auditing services in various investment, manufacturing, energy, contracting, software, commercial and other sectors',	'2023-01-12 18:39:07',	'2023-01-12 18:39:07'),
(301,	'team_members',	'name',	5,	'en',	'Mr. Jawad Abdullah Murad',	'2023-01-12 18:42:05',	'2023-01-12 18:42:05'),
(302,	'team_members',	'title',	5,	'en',	'Director - review',	'2023-01-12 18:42:05',	'2023-01-12 18:42:05'),
(303,	'team_members',	'job_description',	5,	'en',	'Bachelor\'s degree from Damascus University - Arab Republic of Syria\nWorked in a number of local audit offices\n12 years of experience in providing auditing and auditing services and accounting programs in the oil, contracting, services, investment and other sectors.',	'2023-01-12 18:42:05',	'2023-01-12 18:42:05'),
(304,	'data_rows',	'display_name',	147,	'en',	'Id',	'2023-01-12 18:43:23',	'2023-01-12 18:43:23'),
(305,	'data_rows',	'display_name',	148,	'en',	'Page Id',	'2023-01-12 18:43:23',	'2023-01-12 18:43:23'),
(306,	'data_rows',	'display_name',	149,	'en',	'Title',	'2023-01-12 18:43:23',	'2023-01-12 18:43:23'),
(307,	'data_rows',	'display_name',	150,	'en',	'Created At',	'2023-01-12 18:43:23',	'2023-01-12 18:43:23'),
(308,	'data_rows',	'display_name',	151,	'en',	'Updated At',	'2023-01-12 18:43:23',	'2023-01-12 18:43:23'),
(309,	'data_types',	'display_name_singular',	25,	'en',	'Slider',	'2023-01-12 18:43:23',	'2023-01-12 18:43:23'),
(310,	'data_types',	'display_name_plural',	25,	'en',	'Sliders',	'2023-01-12 18:43:23',	'2023-01-12 18:43:23'),
(311,	'menu_items',	'title',	31,	'en',	'Sliders',	'2023-01-12 18:43:53',	'2023-01-12 18:43:53'),
(312,	'data_rows',	'display_name',	152,	'en',	'Id',	'2023-01-12 18:45:43',	'2023-01-12 18:45:43'),
(313,	'data_rows',	'display_name',	153,	'en',	'Slider Id',	'2023-01-12 18:45:43',	'2023-01-12 18:45:43'),
(314,	'data_rows',	'display_name',	154,	'en',	'Image',	'2023-01-12 18:45:43',	'2023-01-12 18:45:43'),
(315,	'data_rows',	'display_name',	155,	'en',	'Title',	'2023-01-12 18:45:43',	'2023-01-12 18:45:43'),
(316,	'data_rows',	'display_name',	156,	'en',	'Excerpt',	'2023-01-12 18:45:43',	'2023-01-12 18:45:43'),
(317,	'data_rows',	'display_name',	157,	'en',	'Created At',	'2023-01-12 18:45:43',	'2023-01-12 18:45:43'),
(318,	'data_rows',	'display_name',	158,	'en',	'Updated At',	'2023-01-12 18:45:43',	'2023-01-12 18:45:43'),
(319,	'data_rows',	'display_name',	159,	'en',	'Order',	'2023-01-12 18:45:43',	'2023-01-12 18:45:43'),
(320,	'data_rows',	'display_name',	160,	'en',	'Animation Order',	'2023-01-12 18:45:43',	'2023-01-12 18:45:43'),
(321,	'data_rows',	'display_name',	161,	'en',	'Slider',	'2023-01-12 18:45:43',	'2023-01-12 18:45:43'),
(322,	'data_types',	'display_name_singular',	26,	'en',	'Slider Image',	'2023-01-12 18:45:43',	'2023-01-12 18:45:43'),
(323,	'data_types',	'display_name_plural',	26,	'en',	'Slider Images',	'2023-01-12 18:45:43',	'2023-01-12 18:45:43'),
(324,	'menu_items',	'title',	32,	'en',	'Slider Images',	'2023-01-12 18:46:12',	'2023-01-12 18:46:12'),
(325,	'posts',	'excerpt',	12,	'en',	'To become the preferred choice for our clients as chartered accountants and consultants to provide high-quality accounting and financial services and capable, specialized and professional accounting capabilities that meet all needs with integrity befitting our field of competence and services to local and international establishments at a global professional level while adhering to the traditions and work systems in the Kingdom of Saudi Arabia',	'2023-01-12 18:48:33',	'2023-01-12 18:48:33'),
(326,	'posts',	'excerpt',	13,	'en',	'To add value to our customers through professional services that are characterized by quality, integrity and objectivity and comply with the highest local and international standards to meet the needs of our customers and reach common successes with them with permanent and continuous commitment to international standards of professional performance',	'2023-01-12 18:48:47',	'2023-01-12 18:48:47'),
(327,	'posts',	'title',	14,	'en',	'Financial statement audit services',	'2023-01-12 18:50:46',	'2023-01-12 19:18:06'),
(328,	'posts',	'excerpt',	14,	'en',	'Zakat and tax services... When does the zakat or tax year begin for the taxpayer? Zakat services and zakat taxes',	'2023-01-12 18:50:46',	'2023-01-12 18:50:46'),
(329,	'posts',	'body',	14,	'en',	'The tax and zakat application in the Kingdom includes adjusting the net accounting profit for zakat and income tax payers, but the details and considerations of the tax adjustment differ from the details and considerations of the zakat adjustment.\n\nFrom the tax side, the base is formed by adding all the revenues, profits, and gains resulting from practicing the activity after excluding the exempted income, which reflects the taxable income as indicated by Article 8 of the income tax system. However, the tax system gave the taxpayer the right to deduct the expenses associated with the occurrence of this tax. The realized income, which is what the system called expenses, is subject to deduction.\nThe tax system has set multiple controls for deducting expenses from the tax base in order to ensure that the expenses deducted from the tax income are linked and related to it, and that this deduction is not a short way to achieve tax savings. Therefore, there are many expenses that the system does not allow deduction even though some of them are actual and realized expenses. There have also been many controls and conditions on some types of expenses that may be deducted, including the inadmissibility of deducting benefits and salaries of partners, entertainment expenses, most fines and financial penalties, allocations and income tax expenses, as well as setting controls on consumption expenses, write-off debts, contributions to pension funds, interest on loans, school expenses, donations, etc..\nWe can say that adjusting the net profit for tax purposes from the expense side aims to preserve tax income as much as possible. It should also be noted that the adjustment for tax purposes also includes the exclusion of tax-exempt income. The tax system included exempting types of revenues and gains with certain controls and considerations, including Dividend returns and gains on disposal of securities.\nWhat is the net profit on the zakat side? It is added to the zakat base as a source of financing for the assets of the company to which the zakat is originally directed. Therefore, the expenses, whenever they are achieved, must be deducted from the revenues generated from the zakat perspective, as a real reduction of the source of financing (revenue). The executive regulations for collecting zakat included some expenses that may not be deducted, such as allocations, personal expenses, and expenses that are not documented, but are limited to specific aspects and reasons compared to the tax application. The biggest consideration is whether the expense is realized or unrealized, and this is commensurate with the nature and philosophy of adding profit to the Zakat base. The regulations also included setting some controls to deduct some expenses with their realization, such as school fees and donations, and therefore for significant regulatory purposes, with the importance of noting that the Zakat adjustment does not include any Exempted revenues because this does not fit with the idea and philosophy of adding profit to the zakat base. Rather, some revenues are excluded from the profit in order to avoid discouraging the calculation of zakat, which is prohibited by Sharia.\nAnd we summarize what was missed by emphasizing the difference in the philosophy of adding profit to the income tax base from the philosophy of adding it to the zakat base, which results in successive differences in the motives and reasons for adjusting the profit. The scope of accepting expenses for zakat purposes is greater than the scope of acceptance for tax purposes, for the aforementioned reasons and considerations.\nIt is possible to refer to the tax system and its executive regulations to review the details of expenses and the restrictions included in the system in deducting them, as the system included from Articles Twelve to Article Twenty, as well as Articles Nine and Ten, detailed talk about expenses and related matters, and Articles eight and nine of the executive regulations for collecting zakat included talk about Expenses and related controls from the zakat side.',	'2023-01-12 18:50:46',	'2023-01-12 19:14:59'),
(330,	'posts',	'slug',	14,	'en',	'financial-statement-audit-services',	'2023-01-12 18:50:46',	'2023-01-12 19:18:06'),
(331,	'slider_images',	'title',	3,	'en',	'Ali Alkhars Public Accountants and Consultants',	'2023-01-12 18:53:52',	'2023-01-12 18:53:52'),
(332,	'slider_images',	'excerpt',	3,	'en',	'Your financial partner',	'2023-01-12 18:53:52',	'2023-01-12 18:53:52'),
(333,	'slider_images',	'title',	1,	'en',	'Ali Alkhars Public Accountants and Consultants',	'2023-01-12 18:57:55',	'2023-01-12 18:57:55'),
(334,	'slider_images',	'excerpt',	1,	'en',	'Accuracy and professionalism .. for sustainable financial solutions',	'2023-01-12 18:57:55',	'2023-01-12 18:57:55'),
(335,	'slider_images',	'title',	2,	'en',	'Ali Alkhars Public Accountants and Consultants',	'2023-01-12 18:58:14',	'2023-01-12 18:58:32'),
(336,	'slider_images',	'excerpt',	2,	'en',	'Integrated solutions',	'2023-01-12 18:58:14',	'2023-01-12 18:58:14'),
(337,	'pages',	'title',	6,	'en',	'Price Offer Request',	'2023-01-12 19:03:05',	'2023-01-12 19:03:41'),
(338,	'pages',	'excerpt',	6,	'en',	'Price Offer Request',	'2023-01-12 19:03:05',	'2023-01-12 19:03:41'),
(339,	'pages',	'slug',	6,	'en',	'request-for-quotation',	'2023-01-12 19:03:05',	'2023-01-12 19:03:05'),
(340,	'posts',	'title',	16,	'en',	'خدمات الذكاة',	'2023-01-12 19:18:31',	'2023-01-12 19:18:31'),
(341,	'posts',	'excerpt',	16,	'en',	'خدمات الزكاة والضرائب... متى تبدأ السنة الزكوية أو الضريبية للمكلف؟ خدمات الزكاة والضرائب الزكاه',	'2023-01-12 19:18:31',	'2023-01-12 19:18:31'),
(342,	'posts',	'body',	16,	'en',	'يتضمن التطبيق الضريبي والزكوي في المملكة القيام بتعديل صافي الربح المحاسبي وذلك لمكلفي الزكاة ومكلفي ضريبة الدخل، إلا أن تفاصيل واعتبارات التعديل الضريبي تختلف عن تفاصيل واعتبارات التعديل الزكوي.\n\nمن الجانب الضريبي يتم تكوين الوعاء بإضافة كافة الإيرادات والأرباح والمكاسب الناتجة عن مزاولة النشاط بعد استبعاد الدخل المعفى وهو ما يعبر عن الدخل الخاضع للضريبة كما أشارت إلى ذلك المادة الثامنة من نظام ضريبة الدخل، إلا أن النظام الضريبي أعطى المكلف الحق في حسم المصاريف المرتبطة بحصول هذا الدخل المتحقق وهي ما أسماه النظام بالمصاريف جائزة الحسم.\n\nوقد وضع النظام الضريبي ضوابط متعددة لحسم المصاريف من الوعاء الضريبي وذلك لضمان أن تكون المصاريف المحسومة من الدخل الضريبي مرتبطة ومتعلقة به وألا يكون هذا الحسم باباً قصيراً لتحقيق الوفر الضريبي، ولذلك فقد تعددت المصاريف التي لا يجيز النظام حسمها حتى مع كون بعضها مصاريف فعلية ومتحققة، وقد تعددت كذلك الضوابط والشروط على بعض أنواع المصاريف التي يجوز حسمها، ومن ذلك عدم جواز حسم مزايا ورواتب الشركاء ومصاريف الترفية وغالب الغرامات والجزاءات المالية والمخصصات ومصاريف ضريبة الدخل وكذلك وضع ضوابط على مصاريف الاستهلاك وإعدام الديون ومساهمات صناديق التقاعد وفوائد القروض والمصاريف المدرسية والتبرعات ألخ...\n\n                    ويمكن أن نقول أن تعديل صافي الربح للأغراض الضريبية من جانب المصاريف يهدف إلى المحافظة على الدخل الضريبي ما أمكن، كما تجدر الإشارة إلى أن التعديل للأغراض الضريبية يتضمن كذلك استبعاد الدخل المعفى من الضريبية فقد تضمن النظام الضريبي إعفاء أنواع من الإيرادات والمكاسب بضوابط واعتبارات معينة ومن ذلك عوائد توزيعات الأرباح ومكاسب التخلص من الأوراق المالية.\n\nأما صافي الربح في الجانب الزكوي فهو يضاف لوعاء الزكاة باعتباره مصدر تمويل لأصول الشركة التي تتوجه لها الزكاة أصالةً، وعلى ذلك فإن المصاريف متى ما تحققت فلا بد أن تحسم من الإيرادات المتحققة من المنظور الزكوي باعتبارها تخفيضاً حقيقياً لمصدر التمويل (الإيراد)، ومع ذلك فقد تضمنت اللائحة التنفيذية لجباية الزكاة بعضاً من المصاريف التي لا يجوز حسمهاً مثل المخصصات والمصاريف الشخصية والمصاريف غير المثبتة مستندياً إلا أنها محصورة في جوانب وأسباب محددة مقارنةً بالتطبيق الضريبي، والاعتبار الأكبر هو كون المصروف متحقق أو غير متحقق وهذا متناسب من طبيعة وفلسفة إضافة الربح للوعاء الزكوي، وقد تضمنت اللائحة كذلك وضع بعض الضوابط لحسم بعض المصاريف مع تحققها مثل المصاريف المدرسية والتبرعات ولذلك لأغراض تنظيمية معتبرة، مع أهمية الإشارة إلى أن التعديل الزكوي لا يتضمن أي إيرادات معفاة لعدم تناسب ذلك مع فكرة وفلسفة إضافة الربح لوعاء الزكاة وإنما تستبعد بعض الإيرادات من الربح تجنبا للثني في حساب الزكاة المنهي عنها شرعاً.\n\nونلخص ما فات بالتأكيد على اختلاف فلسلفة إضافة الربح لوعاء ضريبة الدخل عن فلسفة إضافته لوعاء الزكاة مما ينتج عنه تباعاً اختلاف دواعي وأسباب التعديل على الربح، ويمكن أن نقول أن هناك توسع وتشعب في تعديل الربح الضريبي يقابله ضيق ومحدودية في تعديل صافي الربح الزكوي، حيث أن حيز قبول المصاريف للأغراض الزكوية أكبر من حيز قبوله للأغراض الضريبية، وذلك للأسباب والاعتبارات المذكورة.\n\nويمكن الرجوع لنظام الضريبة ولائحته التنفيذية لمطالعة تفاصيل المصاريف وما تضمنه النظام من القيود في حسمها حيث تضمن النظام من المادة الثانية عشرة وحتى المادة العشرون وكذلك المادة التاسعة والعاشرة حديثاً مفصلاً عن المصاريف وما يتعلق بها، وكذلك تضمنت المادة الثامنة والتاسعة من اللائحة التنفيذية لجباية الزكاة الحديث عن المصاريف والضوابط المتعلقة بها من الجانب الزكوي.',	'2023-01-12 19:18:31',	'2023-01-12 19:18:31'),
(343,	'posts',	'slug',	16,	'en',	'zakat-post',	'2023-01-12 19:18:31',	'2023-01-12 19:18:31'),
(344,	'slider_images',	'title',	4,	'en',	'Financial Companion',	'2023-01-22 10:19:46',	'2023-01-22 10:19:46'),
(345,	'slider_images',	'excerpt',	4,	'en',	'Key',	'2023-01-22 10:20:46',	'2023-01-22 10:20:46'),
(346,	'slider_images',	'title',	5,	'en',	'Solutions',	'2023-01-22 10:23:30',	'2023-01-22 10:23:30'),
(347,	'slider_images',	'excerpt',	5,	'en',	'Comprehensive',	'2023-01-22 10:23:30',	'2023-01-22 10:23:30'),
(348,	'slider_images',	'title',	6,	'en',	'Deliverables',	'2023-01-22 10:24:01',	'2023-01-22 10:24:01'),
(349,	'slider_images',	'excerpt',	6,	'en',	'Accurate',	'2023-01-22 10:24:01',	'2023-01-22 10:24:01'),
(350,	'slider_images',	'title',	7,	'en',	'Potentials',	'2023-01-22 10:24:39',	'2023-01-22 10:24:39'),
(351,	'slider_images',	'excerpt',	7,	'en',	'Achieve',	'2023-01-22 10:24:39',	'2023-01-22 10:24:39'),
(352,	'slider_images',	'title',	8,	'en',	'شركاء في النجاح',	'2023-01-22 10:25:00',	'2023-01-22 10:25:00'),
(353,	'services',	'excerpt',	2,	'en',	'External Audits',	'2023-01-25 13:52:17',	'2023-01-25 13:52:17'),
(354,	'services',	'title',	52,	'en',	'Other',	'2023-01-26 08:27:30',	'2023-01-26 08:27:30'),
(355,	'services',	'excerpt',	52,	'en',	'Other',	'2023-01-26 08:27:30',	'2023-01-26 08:27:30'),
(356,	'team_members',	'name',	2,	'en',	'الأستاذ/ علي محمد الخرس',	'2023-02-06 08:47:17',	'2023-02-06 08:47:17'),
(357,	'team_members',	'title',	2,	'en',	'مدير إدراة - مراجعة',	'2023-02-06 08:47:17',	'2023-02-06 08:47:17'),
(358,	'team_members',	'job_description',	2,	'en',	'درجة البكالوريوس من جامعة القاهرة – جمهورية مصر  العربية\nزمالة المحاسبين القانونيين المصرية MESAA\nعمل في عدد من مكاتب المراجعة العالمية   (KPMG)(MGI WORLDWIDE)  ثم الانضمام إلى علي الخرس محاسبون قانونيون و استشاريون\nخبرة أكثر من (24) عام في تقديم خدمات المراجعة والتدقيق  في قطاعات متعددة الاستثمار  والتصنيع والطاقة والمقاولات والبرمجيات والتجارية وغيرها',	'2023-02-06 08:47:17',	'2023-02-06 08:47:17'),
(359,	'team_members',	'name',	1,	'en',	'الأستاذ/ علي محمد الخرس',	'2023-02-06 08:47:25',	'2023-02-06 08:47:25'),
(360,	'team_members',	'title',	1,	'en',	'الشريك الإداري',	'2023-02-06 08:47:25',	'2023-02-06 08:47:25'),
(361,	'team_members',	'job_description',	1,	'en',	'ﻋﻀﻮ اﻟﻤﻌﻬﺪ اﻷﻣﺮﻳﻜﻲ ﻟﻠﻤﺤﺎﺳﺒﻴﻦ اﻟﻘﺎﻧﻮﻧﻴﻴﻦ\nﻋﻀﻮ اﻟﻬﻴﺌﺔ اﻟﺴﻌﻮدﻳﺔ ﻟﻠﻤﺮاﺟﻌﻴﻦ  واﻟﻤﺤﺎﺳﺒﻴﻦ\nﻣﺎﺟﺴﺘﻴﺮ ﻣﺤﺎﺳﺒﺔ ﺟﺎﻣﻌﺔ دﻧﻔﺮ اﻷﻣﺮﻳﻜﻴﺔ\nﺑﻜﺎﻟﻮرﻳﻮس علوم إدارية (ﺟﺎﻣﻌﺔ إﻧﺪﻳﺎﻧﺎ اﻷﻣﺮﻳﻜﻴﺔ ) ﻣﺤﺎﺳﺒﺔ و ﻣﺎﻟﻴﺔ ودراﺳﺎت دوﻟﻴﺔ\nعمل في مجال المراجعة مع مكتب (PwC)\nخبرة عملية في مجال الاستشارات المحاسبية والمالية والإدراية وتأسيس الشركات الناشئة المتوسطة منها والكبيرة. شغر مناصب إدارية وقدم استشارات وخدمات لشركات عالمية ومحلية منها صندوق الاستثمارات العامة وشركات تابعة لشركة أرامكو السعودية وغيرها',	'2023-02-06 08:47:25',	'2023-02-06 08:47:25');

DROP TABLE IF EXISTS `users`;
CREATE TABLE `users` (
  `id` bigint(20) unsigned NOT NULL AUTO_INCREMENT,
  `role_id` bigint(20) unsigned DEFAULT NULL,
  `name` varchar(255)   NOT NULL,
  `email` varchar(255)   NOT NULL,
  `avatar` varchar(255)   DEFAULT 'users/default.png',
  `email_verified_at` timestamp NULL DEFAULT NULL,
  `password` varchar(255)   NOT NULL,
  `remember_token` varchar(100)   DEFAULT NULL,
  `settings` text   DEFAULT NULL,
  `created_at` timestamp NULL DEFAULT NULL,
  `updated_at` timestamp NULL DEFAULT NULL,
  PRIMARY KEY (`id`),
  UNIQUE KEY `users_email_unique` (`email`),
  KEY `users_role_id_foreign` (`role_id`),
  CONSTRAINT `users_role_id_foreign` FOREIGN KEY (`role_id`) REFERENCES `roles` (`id`)
) ENGINE=InnoDB;

INSERT INTO `users` (`id`, `role_id`, `name`, `email`, `avatar`, `email_verified_at`, `password`, `remember_token`, `settings`, `created_at`, `updated_at`) VALUES
(1,	1,	'Admin',	'admin@admin.com',	'users/January2023/oCpRprfHqjLrT6yGZ7Gc.jfif',	NULL,	'$2y$10$WsfT5IMVi/MQC.A3ceVa/eKYAUg5d85sSg9gXfJi5Twfxw7V0y3oy',	'3QJHm0KMqEffJ2WpsU9wgNAW4Jh5tPEPj1Jy1CXMZF5yRL9MR1K2fg1keccm',	'{\"locale\":\"ar\"}',	'2022-12-22 16:57:28',	'2023-02-06 08:14:37');

DROP TABLE IF EXISTS `user_roles`;
CREATE TABLE `user_roles` (
  `user_id` bigint(20) unsigned NOT NULL,
  `role_id` bigint(20) unsigned NOT NULL,
  PRIMARY KEY (`user_id`,`role_id`),
  KEY `user_roles_user_id_index` (`user_id`),
  KEY `user_roles_role_id_index` (`role_id`),
  CONSTRAINT `user_roles_role_id_foreign` FOREIGN KEY (`role_id`) REFERENCES `roles` (`id`) ON DELETE CASCADE,
  CONSTRAINT `user_roles_user_id_foreign` FOREIGN KEY (`user_id`) REFERENCES `users` (`id`) ON DELETE CASCADE
) ENGINE=InnoDB;


-- 2023-02-12 12:30:26